Scholarship name, Amount Rewarded, Deadline, Disbursement Date, Required Info, Preferred Majors
Scholarship4,988,2016-06-18,2024-08-28, Info, Major
Scholarship8,1407,2022-04-09,2024-10-24, Info, Major
Scholarship11,1392,2016-04-02,2024-11-02, Info, Major
Scholarship13,928,2024-07-21,2024-08-16, Info, Major
Scholarship14,852,2020-03-07,2024-03-19, Info, Major
Scholarship16,1554,2020-10-11,2024-12-23, Info, Major
Scholarship17,1109,2019-11-21,2024-03-08, Info, Major
Scholarship21,2364,2023-11-27,2024-04-08, Info, Major
Scholarship22,1696,2024-02-02,2024-04-24, Info, Major
Scholarship23,1240,2022-08-27,2023-12-18, Info, Major
Scholarship25,2039,2020-06-24,2023-11-26, Info, Major
Scholarship27,2275,2023-06-24,2024-09-25, Info, Major
Scholarship29,1945,2015-05-02,2024-09-17, Info, Major
Scholarship31,2168,2020-11-18,2024-06-05, Info, Major
Scholarship32,1558,2021-09-14,2024-05-11, Info, Major
Scholarship34,1648,2022-08-26,2023-12-17, Info, Major
Scholarship43,1305,2023-05-01,2024-03-18, Info, Major
Scholarship45,1426,2018-05-16,2024-04-21, Info, Major
Scholarship48,2105,2023-05-08,2024-09-15, Info, Major
Scholarship49,2187,2020-03-20,2023-12-07, Info, Major
Scholarship53,963,2020-11-02,2024-07-22, Info, Major
Scholarship56,2485,2023-08-17,2024-07-11, Info, Major
Scholarship57,1113,2017-06-28,2024-09-11, Info, Major
Scholarship61,1899,2021-02-23,2024-12-18, Info, Major
Scholarship62,1202,2020-05-09,2024-08-13, Info, Major
Scholarship63,2181,2019-07-21,2024-02-05, Info, Major
Scholarship67,1954,2023-12-06,2024-05-08, Info, Major
Scholarship71,1904,2018-05-26,2024-01-26, Info, Major
Scholarship72,1887,2023-11-17,2024-09-25, Info, Major
Scholarship73,1110,2024-08-06,2024-08-25, Info, Major
Scholarship76,1520,2023-08-15,2024-12-13, Info, Major
Scholarship78,933,2017-08-18,2024-07-10, Info, Major
Scholarship79,1049,2018-12-19,2024-06-15, Info, Major
Scholarship83,1061,2023-03-16,2024-03-28, Info, Major
Scholarship84,781,2022-01-02,2024-01-05, Info, Major
Scholarship86,743,2023-03-15,2024-09-02, Info, Major
Scholarship87,1275,2022-09-04,2024-01-24, Info, Major
Scholarship89,1597,2022-03-15,2024-03-09, Info, Major
Scholarship90,1699,2015-07-04,2024-08-06, Info, Major
Scholarship100,2408,2014-08-23,2024-11-14, Info, Major
Scholarship102,705,2023-12-27,2024-03-07, Info, Major
Scholarship105,1279,2022-10-26,2024-03-26, Info, Major
Scholarship110,1207,2024-12-16,2024-12-22, Info, Major
Scholarship112,626,2024-09-06,2024-12-09, Info, Major
Scholarship113,1649,2014-10-07,2024-08-16, Info, Major
Scholarship117,2156,2019-10-25,2024-12-10, Info, Major
Scholarship118,1304,2020-01-11,2024-04-12, Info, Major
Scholarship122,1335,2024-10-28,2024-11-22, Info, Major
Scholarship126,1113,2020-05-21,2023-12-17, Info, Major
Scholarship127,880,2024-02-23,2024-11-21, Info, Major
Scholarship128,2488,2023-09-19,2024-02-13, Info, Major
Scholarship129,2255,2017-08-05,2023-12-26, Info, Major
Scholarship132,1843,2020-08-12,2024-06-01, Info, Major
Scholarship144,622,2023-09-22,2024-03-26, Info, Major
Scholarship148,1328,2024-06-21,2024-09-09, Info, Major
Scholarship157,1372,2020-10-04,2024-04-28, Info, Major
Scholarship159,1145,2024-04-25,2024-10-11, Info, Major
Scholarship160,2493,2017-04-15,2024-01-01, Info, Major
Scholarship165,795,2024-12-20,2024-12-28, Info, Major
Scholarship166,962,2016-07-24,2024-01-20, Info, Major
Scholarship169,766,2022-05-26,2024-01-13, Info, Major
Scholarship170,1030,2024-08-26,2024-09-13, Info, Major
Scholarship175,1202,2024-02-15,2024-10-26, Info, Major
Scholarship179,812,2022-11-19,2024-07-06, Info, Major
Scholarship182,1924,2023-10-20,2024-10-10, Info, Major
Scholarship183,1624,2024-07-23,2024-11-09, Info, Major
Scholarship184,2153,2022-05-19,2024-06-01, Info, Major
Scholarship187,1721,2022-06-26,2024-06-18, Info, Major
Scholarship189,1284,2024-11-22,2024-12-24, Info, Major
Scholarship197,1797,2023-12-11,2024-05-07, Info, Major
Scholarship203,2281,2019-10-13,2024-07-25, Info, Major
Scholarship206,909,2018-06-10,2024-09-08, Info, Major
Scholarship212,777,2021-02-24,2024-01-10, Info, Major
Scholarship213,1398,2023-09-21,2024-02-07, Info, Major
Scholarship217,928,2020-09-01,2024-12-14, Info, Major
Scholarship218,2405,2016-09-03,2024-01-07, Info, Major
Scholarship219,1630,2018-02-26,2024-01-26, Info, Major
Scholarship226,2386,2024-06-09,2024-07-13, Info, Major
Scholarship237,2289,2014-09-13,2024-09-14, Info, Major
Scholarship245,1871,2023-03-19,2024-08-16, Info, Major
Scholarship247,1278,2020-06-15,2024-07-28, Info, Major
Scholarship250,1170,2024-05-28,2024-09-28, Info, Major
Scholarship251,2092,2022-10-10,2024-11-18, Info, Major
Scholarship252,1239,2020-10-05,2024-12-18, Info, Major
Scholarship253,1320,2024-03-10,2024-09-19, Info, Major
Scholarship260,1641,2024-05-25,2024-11-20, Info, Major
Scholarship261,1692,2019-12-06,2024-10-10, Info, Major
Scholarship262,1053,2020-04-14,2024-02-10, Info, Major
Scholarship264,2472,2020-12-22,2024-10-18, Info, Major
Scholarship267,1077,2021-11-16,2023-12-17, Info, Major
Scholarship269,2074,2023-09-14,2024-06-23, Info, Major
Scholarship270,1430,2023-11-13,2024-01-11, Info, Major
Scholarship271,1133,2024-06-01,2024-12-21, Info, Major
Scholarship273,1355,2022-08-19,2024-05-01, Info, Major
Scholarship275,2401,2023-03-18,2024-03-24, Info, Major
Scholarship276,2229,2023-07-23,2024-03-22, Info, Major
Scholarship277,2120,2024-06-22,2024-11-14, Info, Major
Scholarship278,2286,2024-05-25,2024-06-02, Info, Major
Scholarship282,1994,2022-05-14,2024-11-01, Info, Major
Scholarship285,652,2023-11-27,2023-12-07, Info, Major
Scholarship287,1124,2024-04-16,2024-11-17, Info, Major
Scholarship293,1352,2023-07-22,2024-11-17, Info, Major
Scholarship294,1013,2024-01-15,2024-06-27, Info, Major
Scholarship295,979,2023-03-20,2024-12-02, Info, Major
Scholarship297,739,2014-12-07,2024-08-28, Info, Major
Scholarship301,2091,2021-11-20,2024-01-02, Info, Major
Scholarship302,896,2024-06-23,2024-12-13, Info, Major
Scholarship304,838,2024-02-25,2024-05-12, Info, Major
Scholarship305,1599,2024-12-16,2024-12-27, Info, Major
Scholarship306,1580,2014-12-14,2024-03-11, Info, Major
Scholarship308,650,2020-01-22,2024-03-26, Info, Major
Scholarship313,2283,2020-09-15,2024-11-03, Info, Major
Scholarship315,2033,2020-08-24,2024-12-25, Info, Major
Scholarship319,536,2024-09-04,2024-11-28, Info, Major
Scholarship323,1733,2020-06-22,2024-10-07, Info, Major
Scholarship324,2450,2023-01-22,2024-07-15, Info, Major
Scholarship325,2388,2024-12-20,2024-12-27, Info, Major
Scholarship326,899,2022-10-01,2024-03-17, Info, Major
Scholarship327,1349,2022-01-04,2024-06-28, Info, Major
Scholarship330,2363,2020-06-10,2024-03-26, Info, Major
Scholarship331,2213,2023-05-17,2024-02-25, Info, Major
Scholarship334,2467,2022-12-14,2024-05-01, Info, Major
Scholarship337,1459,2022-03-14,2024-08-09, Info, Major
Scholarship339,583,2021-12-01,2024-02-19, Info, Major
Scholarship340,2274,2024-05-16,2024-06-19, Info, Major
Scholarship342,2179,2024-01-16,2024-03-26, Info, Major
Scholarship349,2050,2023-05-05,2024-04-24, Info, Major
Scholarship351,2019,2024-11-21,2024-12-07, Info, Major
Scholarship352,1818,2023-08-12,2024-06-25, Info, Major
Scholarship354,654,2023-04-22,2024-04-14, Info, Major
Scholarship356,1442,2023-08-10,2024-08-14, Info, Major
Scholarship361,1193,2023-12-27,2024-02-16, Info, Major
Scholarship362,1039,2022-07-12,2024-09-12, Info, Major
Scholarship364,1391,2021-09-09,2024-06-14, Info, Major
Scholarship371,618,2023-09-06,2024-12-13, Info, Major
Scholarship377,2397,2018-06-10,2024-10-27, Info, Major
Scholarship382,2215,2017-04-08,2024-04-18, Info, Major
Scholarship386,2374,2024-07-22,2024-08-07, Info, Major
Scholarship388,1812,2017-12-02,2024-04-10, Info, Major
Scholarship390,575,2024-09-25,2024-12-12, Info, Major
Scholarship393,648,2017-01-24,2024-09-02, Info, Major
Scholarship395,1076,2021-10-12,2024-08-02, Info, Major
Scholarship401,683,2020-04-10,2024-11-03, Info, Major
Scholarship402,2196,2024-09-20,2024-09-28, Info, Major
Scholarship404,762,2024-01-16,2024-12-25, Info, Major
Scholarship407,2212,2015-03-06,2024-08-25, Info, Major
Scholarship409,895,2021-10-14,2024-09-22, Info, Major
Scholarship411,1866,2023-06-20,2023-12-27, Info, Major
Scholarship414,2402,2024-03-14,2024-05-25, Info, Major
Scholarship415,2485,2015-03-27,2024-10-21, Info, Major
Scholarship416,1495,2024-05-02,2024-11-19, Info, Major
Scholarship418,1920,2020-03-18,2024-08-19, Info, Major
Scholarship420,2135,2024-11-22,2024-12-25, Info, Major
Scholarship423,2012,2024-09-23,2024-11-04, Info, Major
Scholarship424,2484,2022-02-08,2024-08-01, Info, Major
Scholarship427,2459,2022-06-02,2024-09-27, Info, Major
Scholarship434,510,2023-10-08,2024-11-19, Info, Major
Scholarship437,1119,2017-03-27,2024-06-27, Info, Major
Scholarship438,2124,2020-01-01,2024-05-07, Info, Major
Scholarship439,1643,2022-12-16,2024-02-09, Info, Major
Scholarship449,1229,2024-03-25,2024-04-02, Info, Major
Scholarship450,2373,2024-05-20,2024-06-17, Info, Major
Scholarship454,2075,2022-07-04,2024-02-14, Info, Major
Scholarship455,1633,2022-03-07,2024-02-06, Info, Major
Scholarship457,1046,2019-05-06,2024-06-02, Info, Major
Scholarship460,1494,2020-02-17,2024-10-17, Info, Major
Scholarship466,1431,2021-10-02,2024-03-18, Info, Major
Scholarship470,1285,2023-11-05,2024-07-05, Info, Major
Scholarship472,1011,2024-10-05,2024-10-18, Info, Major
Scholarship473,1562,2017-12-01,2024-05-17, Info, Major
Scholarship478,1245,2024-06-11,2024-12-04, Info, Major
Scholarship480,1891,2023-07-17,2023-12-11, Info, Major
Scholarship482,1479,2024-05-13,2024-12-19, Info, Major
Scholarship484,1987,2020-04-22,2024-02-24, Info, Major
Scholarship487,1393,2018-01-02,2024-08-10, Info, Major
Scholarship490,989,2024-04-18,2024-10-28, Info, Major
Scholarship491,997,2023-09-19,2024-10-14, Info, Major
Scholarship494,1717,2018-04-03,2024-08-01, Info, Major
Scholarship497,2195,2019-12-19,2023-12-03, Info, Major
Scholarship501,611,2023-09-17,2024-09-15, Info, Major
Scholarship505,2181,2024-03-17,2024-03-20, Info, Major
Scholarship509,2120,2023-02-04,2024-10-25, Info, Major
Scholarship510,572,2024-10-08,2024-10-12, Info, Major
Scholarship512,2301,2019-12-14,2023-12-12, Info, Major
Scholarship516,551,2019-12-04,2024-01-01, Info, Major
Scholarship517,1763,2017-01-02,2024-01-09, Info, Major
Scholarship519,2055,2021-07-26,2024-10-07, Info, Major
Scholarship520,921,2021-05-19,2024-08-19, Info, Major
Scholarship523,1507,2021-07-04,2024-06-20, Info, Major
Scholarship528,860,2024-01-22,2024-12-05, Info, Major
Scholarship530,1653,2023-05-16,2024-06-14, Info, Major
Scholarship531,959,2020-08-23,2024-07-16, Info, Major
Scholarship532,787,2016-11-15,2024-11-26, Info, Major
Scholarship533,2448,2017-12-16,2024-12-17, Info, Major
Scholarship536,1480,2021-08-07,2024-11-08, Info, Major
Scholarship537,1031,2024-02-07,2024-09-05, Info, Major
Scholarship539,724,2024-08-03,2024-12-25, Info, Major
Scholarship542,645,2024-01-27,2024-08-15, Info, Major
Scholarship544,1258,2022-08-18,2024-04-28, Info, Major
Scholarship545,743,2024-10-19,2024-10-20, Info, Major
Scholarship546,1614,2020-09-28,2024-11-10, Info, Major
Scholarship550,1234,2023-08-14,2024-12-22, Info, Major
Scholarship555,1073,2018-02-14,2024-11-11, Info, Major
Scholarship556,562,2022-07-11,2024-07-17, Info, Major
Scholarship557,1770,2022-04-04,2024-08-02, Info, Major
Scholarship559,2023,2022-08-21,2023-12-28, Info, Major
Scholarship562,2085,2021-08-11,2024-05-12, Info, Major
Scholarship563,1940,2014-03-26,2024-11-06, Info, Major
Scholarship564,607,2023-01-18,2024-04-07, Info, Major
Scholarship567,1171,2018-03-05,2024-01-01, Info, Major
Scholarship568,1272,2024-11-03,2024-11-15, Info, Major
Scholarship569,1455,2021-07-12,2024-08-26, Info, Major
Scholarship571,1812,2023-02-23,2024-03-22, Info, Major
Scholarship573,2493,2021-10-04,2024-09-01, Info, Major
Scholarship574,680,2024-06-01,2024-08-25, Info, Major
Scholarship575,1154,2020-01-22,2023-12-12, Info, Major
Scholarship580,557,2024-08-13,2024-10-23, Info, Major
Scholarship581,1625,2016-05-16,2024-10-18, Info, Major
Scholarship584,2466,2023-05-07,2024-10-23, Info, Major
Scholarship590,746,2024-01-27,2024-03-17, Info, Major
Scholarship594,1619,2024-08-09,2024-09-23, Info, Major
Scholarship596,909,2023-09-05,2024-12-17, Info, Major
Scholarship599,1406,2024-06-13,2024-12-21, Info, Major
Scholarship600,1234,2024-01-23,2024-11-26, Info, Major
Scholarship601,2179,2015-01-22,2024-08-19, Info, Major
Scholarship603,1090,2016-02-19,2024-08-21, Info, Major
Scholarship604,1662,2023-11-13,2023-12-17, Info, Major
Scholarship610,1920,2019-03-04,2024-01-07, Info, Major
Scholarship612,533,2020-02-24,2023-12-17, Info, Major
Scholarship620,1483,2023-04-14,2024-06-05, Info, Major
Scholarship621,663,2024-03-16,2024-11-06, Info, Major
Scholarship622,1956,2022-10-11,2024-08-19, Info, Major
Scholarship623,909,2021-08-15,2024-04-10, Info, Major
Scholarship624,2463,2022-06-12,2024-09-05, Info, Major
Scholarship626,2434,2023-02-08,2024-11-18, Info, Major
Scholarship629,1296,2022-05-07,2024-07-19, Info, Major
Scholarship631,2382,2023-07-07,2024-04-12, Info, Major
Scholarship634,1101,2024-02-27,2024-04-27, Info, Major
Scholarship637,743,2018-09-25,2024-08-13, Info, Major
Scholarship642,641,2024-11-03,2024-12-26, Info, Major
Scholarship647,2310,2021-09-24,2024-02-16, Info, Major
Scholarship648,2499,2023-09-11,2024-02-03, Info, Major
Scholarship649,1866,2014-11-10,2024-05-06, Info, Major
Scholarship650,579,2017-04-13,2024-08-08, Info, Major
Scholarship655,1713,2024-06-16,2024-09-08, Info, Major
Scholarship656,1653,2023-11-10,2024-12-10, Info, Major
Scholarship659,1136,2023-12-06,2024-06-06, Info, Major
Scholarship665,2498,2024-03-17,2024-11-03, Info, Major
Scholarship668,1659,2024-02-20,2024-10-19, Info, Major
Scholarship669,2274,2024-03-17,2024-04-10, Info, Major
Scholarship674,1982,2024-06-27,2024-09-18, Info, Major
Scholarship675,1268,2023-08-25,2024-09-24, Info, Major
Scholarship676,905,2024-06-06,2024-11-15, Info, Major
Scholarship679,1563,2023-09-28,2024-10-10, Info, Major
Scholarship682,1369,2023-04-05,2024-01-28, Info, Major
Scholarship683,974,2022-06-18,2024-04-09, Info, Major
Scholarship686,1209,2024-10-26,2024-12-23, Info, Major
Scholarship688,2454,2017-11-11,2024-06-20, Info, Major
Scholarship689,1465,2023-03-28,2024-02-28, Info, Major
Scholarship693,1259,2018-11-02,2024-10-27, Info, Major
Scholarship694,941,2019-03-26,2024-05-02, Info, Major
Scholarship699,2053,2020-05-13,2023-12-11, Info, Major
Scholarship704,1805,2023-11-26,2024-11-01, Info, Major
Scholarship705,1343,2021-10-23,2024-02-20, Info, Major
Scholarship709,1041,2016-08-07,2023-12-20, Info, Major
Scholarship710,1587,2024-10-08,2024-12-16, Info, Major
Scholarship711,573,2023-12-16,2024-01-03, Info, Major
Scholarship717,2076,2024-01-12,2024-10-21, Info, Major
Scholarship718,1351,2022-07-13,2024-07-06, Info, Major
Scholarship719,1316,2021-04-17,2024-09-13, Info, Major
Scholarship720,790,2022-01-11,2024-06-06, Info, Major
Scholarship724,1232,2023-11-09,2024-01-20, Info, Major
Scholarship728,2248,2024-10-17,2024-12-23, Info, Major
Scholarship731,820,2022-09-10,2024-03-20, Info, Major
Scholarship732,606,2016-07-11,2024-03-20, Info, Major
Scholarship736,923,2024-10-16,2024-12-02, Info, Major
Scholarship737,1316,2023-12-04,2024-07-11, Info, Major
Scholarship740,682,2022-11-12,2024-07-08, Info, Major
Scholarship742,1481,2020-10-13,2024-06-04, Info, Major
Scholarship743,2252,2024-03-23,2024-10-01, Info, Major
Scholarship746,593,2014-10-01,2024-11-17, Info, Major
Scholarship747,1504,2022-10-08,2024-11-04, Info, Major
Scholarship748,605,2016-08-09,2024-08-16, Info, Major
Scholarship749,2475,2020-11-21,2023-12-19, Info, Major
Scholarship752,708,2016-08-07,2023-12-06, Info, Major
Scholarship753,1728,2023-08-21,2023-12-09, Info, Major
Scholarship754,879,2024-01-09,2024-12-10, Info, Major
Scholarship759,976,2018-09-22,2024-10-17, Info, Major
Scholarship765,990,2022-09-08,2023-11-22, Info, Major
Scholarship767,746,2023-10-01,2024-03-26, Info, Major
Scholarship769,2350,2014-03-06,2024-05-02, Info, Major
Scholarship770,1689,2018-01-10,2024-04-01, Info, Major
Scholarship774,2327,2022-09-19,2024-12-25, Info, Major
Scholarship779,1472,2024-08-13,2024-12-16, Info, Major
Scholarship784,657,2024-04-27,2024-07-02, Info, Major
Scholarship785,1959,2020-07-23,2024-03-25, Info, Major
Scholarship786,2214,2024-05-18,2024-08-21, Info, Major
Scholarship787,2066,2016-02-10,2024-04-19, Info, Major
Scholarship788,1146,2024-03-19,2024-10-05, Info, Major
Scholarship796,1648,2016-10-14,2024-09-24, Info, Major
Scholarship799,2160,2024-08-03,2024-10-03, Info, Major
Scholarship800,950,2014-07-19,2024-01-19, Info, Major
Scholarship802,1480,2024-04-22,2024-07-26, Info, Major
Scholarship806,1897,2024-03-09,2024-11-01, Info, Major
Scholarship811,1976,2019-02-11,2023-12-16, Info, Major
Scholarship813,783,2014-05-21,2024-07-27, Info, Major
Scholarship814,952,2024-10-27,2024-12-19, Info, Major
Scholarship816,2005,2024-10-16,2024-11-28, Info, Major
Scholarship817,976,2014-12-19,2024-02-15, Info, Major
Scholarship819,1020,2016-05-10,2024-02-13, Info, Major
Scholarship826,1127,2018-02-15,2024-12-04, Info, Major
Scholarship828,845,2024-11-11,2024-12-22, Info, Major
Scholarship839,1964,2020-03-24,2024-12-19, Info, Major
Scholarship841,895,2023-05-21,2024-01-19, Info, Major
Scholarship842,1442,2023-10-14,2024-07-28, Info, Major
Scholarship846,1547,2023-07-16,2024-08-12, Info, Major
Scholarship849,2390,2024-11-12,2024-12-16, Info, Major
Scholarship851,2284,2024-03-06,2024-10-17, Info, Major
Scholarship852,1330,2021-04-07,2024-03-18, Info, Major
Scholarship853,1832,2024-04-13,2024-04-21, Info, Major
Scholarship854,758,2018-04-17,2024-06-17, Info, Major
Scholarship858,2351,2023-11-05,2024-04-26, Info, Major
Scholarship860,1445,2023-02-04,2024-04-16, Info, Major
Scholarship862,1296,2022-09-28,2024-05-16, Info, Major
Scholarship867,2156,2023-08-27,2023-12-14, Info, Major
Scholarship870,2453,2023-08-03,2023-12-02, Info, Major
Scholarship871,1911,2021-01-04,2024-09-12, Info, Major
Scholarship873,1708,2020-06-22,2024-11-05, Info, Major
Scholarship875,946,2024-08-15,2024-11-10, Info, Major
Scholarship880,1999,2023-06-05,2024-02-02, Info, Major
Scholarship881,2402,2024-07-22,2024-08-06, Info, Major
Scholarship884,1014,2024-10-27,2024-10-28, Info, Major
Scholarship890,1247,2020-04-19,2024-10-05, Info, Major
Scholarship892,630,2024-07-03,2024-09-18, Info, Major
Scholarship896,2012,2022-04-25,2024-10-19, Info, Major
Scholarship899,1656,2024-12-07,2024-12-18, Info, Major
Scholarship900,1824,2021-03-19,2024-03-13, Info, Major
Scholarship907,2216,2024-06-11,2024-12-05, Info, Major
Scholarship908,1682,2021-09-18,2024-05-02, Info, Major
Scholarship910,1669,2024-02-26,2024-05-05, Info, Major
Scholarship911,583,2024-06-06,2024-10-25, Info, Major
Scholarship912,1671,2015-10-08,2024-07-22, Info, Major
Scholarship914,2133,2024-07-04,2024-10-28, Info, Major
Scholarship915,2148,2023-07-15,2024-06-06, Info, Major
Scholarship918,610,2019-10-09,2024-02-22, Info, Major
Scholarship923,996,2024-10-13,2024-11-09, Info, Major
Scholarship926,608,2024-02-23,2024-04-02, Info, Major
Scholarship929,2282,2020-02-05,2024-03-09, Info, Major
Scholarship931,530,2015-06-28,2024-10-03, Info, Major
Scholarship932,2365,2019-10-25,2024-11-28, Info, Major
Scholarship933,813,2015-05-05,2024-11-25, Info, Major
Scholarship936,1856,2024-12-23,2024-12-24, Info, Major
Scholarship937,2100,2023-12-24,2024-07-12, Info, Major
Scholarship940,565,2022-11-22,2024-08-01, Info, Major
Scholarship941,828,2019-07-05,2023-12-14, Info, Major
Scholarship949,656,2020-07-13,2023-12-19, Info, Major
Scholarship951,881,2024-01-28,2024-10-18, Info, Major
Scholarship952,948,2023-08-08,2024-12-20, Info, Major
Scholarship955,597,2024-12-24,2024-12-28, Info, Major
Scholarship956,2358,2023-08-08,2024-04-28, Info, Major
Scholarship957,684,2015-12-13,2024-11-22, Info, Major
Scholarship961,567,2022-11-20,2024-10-05, Info, Major
Scholarship963,1278,2023-09-04,2024-06-07, Info, Major
Scholarship964,1182,2023-12-21,2024-10-28, Info, Major
Scholarship973,1468,2023-11-24,2024-06-21, Info, Major
Scholarship974,1980,2021-10-01,2024-05-19, Info, Major
Scholarship977,1364,2014-03-04,2024-09-21, Info, Major
Scholarship982,1383,2022-07-04,2024-08-08, Info, Major
Scholarship983,841,2022-07-13,2024-04-05, Info, Major
Scholarship985,1980,2024-05-25,2024-06-06, Info, Major
Scholarship986,1027,2014-09-26,2024-08-18, Info, Major
Scholarship987,1829,2024-12-04,2024-12-27, Info, Major
Scholarship989,598,2021-09-27,2024-04-19, Info, Major
Scholarship990,1774,2014-04-22,2024-05-16, Info, Major
Scholarship993,597,2023-11-04,2024-03-22, Info, Major
Scholarship994,1630,2024-10-17,2024-10-21, Info, Major
Scholarship995,2200,2023-01-17,2023-12-15, Info, Major
Scholarship1002,863,2022-02-06,2024-03-07, Info, Major
Scholarship1004,1633,2024-03-27,2024-12-09, Info, Major
Scholarship1007,941,2024-02-10,2024-09-20, Info, Major
Scholarship1011,1469,2024-11-05,2024-11-25, Info, Major
Scholarship1015,2018,2018-01-27,2023-12-12, Info, Major
Scholarship1020,1321,2024-11-10,2024-11-14, Info, Major
Scholarship1024,2426,2023-10-18,2024-07-26, Info, Major
Scholarship1028,1746,2020-07-03,2024-11-13, Info, Major
Scholarship1034,2071,2024-03-05,2024-03-06, Info, Major
Scholarship1036,2162,2023-09-23,2024-12-06, Info, Major
Scholarship1038,2399,2021-03-15,2024-02-25, Info, Major
Scholarship1039,1525,2023-12-06,2024-03-26, Info, Major
Scholarship1043,811,2023-12-07,2024-05-11, Info, Major
Scholarship1044,539,2020-08-18,2024-03-26, Info, Major
Scholarship1049,1096,2024-07-05,2024-12-22, Info, Major
Scholarship1050,1266,2024-04-09,2024-09-15, Info, Major
Scholarship1051,1422,2023-04-23,2024-04-19, Info, Major
Scholarship1056,1306,2024-03-03,2024-04-10, Info, Major
Scholarship1057,1548,2024-03-05,2024-07-25, Info, Major
Scholarship1061,2174,2023-11-28,2024-03-24, Info, Major
Scholarship1062,1045,2019-04-14,2024-08-03, Info, Major
Scholarship1066,1210,2023-09-16,2024-03-24, Info, Major
Scholarship1073,717,2018-01-08,2024-07-02, Info, Major
Scholarship1075,1136,2024-04-14,2024-06-04, Info, Major
Scholarship1080,2376,2022-07-27,2024-05-25, Info, Major
Scholarship1083,962,2023-02-02,2024-04-13, Info, Major
Scholarship1095,1848,2021-03-26,2024-08-02, Info, Major
Scholarship1101,965,2021-01-27,2024-11-21, Info, Major
Scholarship1102,1610,2020-11-27,2024-10-10, Info, Major
Scholarship1104,2113,2022-10-11,2024-12-27, Info, Major
Scholarship1105,2096,2019-09-22,2024-04-05, Info, Major
Scholarship1107,2363,2021-05-05,2024-02-26, Info, Major
Scholarship1111,2474,2024-03-15,2024-12-24, Info, Major
Scholarship1117,1699,2020-10-12,2024-02-23, Info, Major
Scholarship1119,1537,2023-01-22,2024-12-27, Info, Major
Scholarship1120,1027,2022-12-20,2024-02-16, Info, Major
Scholarship1124,1359,2021-03-25,2024-03-04, Info, Major
Scholarship1127,942,2023-06-01,2024-05-20, Info, Major
Scholarship1130,1907,2023-10-10,2024-09-13, Info, Major
Scholarship1131,1476,2021-05-24,2024-09-03, Info, Major
Scholarship1132,1936,2018-08-10,2024-11-11, Info, Major
Scholarship1133,1045,2016-11-18,2024-08-21, Info, Major
Scholarship1136,1593,2020-11-09,2023-12-22, Info, Major
Scholarship1139,1233,2023-04-16,2024-06-04, Info, Major
Scholarship1141,728,2017-09-07,2024-11-15, Info, Major
Scholarship1145,2362,2019-05-11,2024-04-15, Info, Major
Scholarship1150,993,2022-08-02,2023-11-26, Info, Major
Scholarship1153,2245,2022-02-12,2024-03-10, Info, Major
Scholarship1155,1686,2024-04-13,2024-11-06, Info, Major
Scholarship1156,939,2024-12-18,2024-12-22, Info, Major
Scholarship1158,647,2023-05-07,2024-12-08, Info, Major
Scholarship1159,1013,2022-11-06,2024-02-10, Info, Major
Scholarship1163,2071,2024-01-08,2024-11-14, Info, Major
Scholarship1170,1904,2023-08-04,2024-01-07, Info, Major
Scholarship1174,2021,2020-10-28,2024-04-19, Info, Major
Scholarship1175,2481,2023-07-09,2024-02-19, Info, Major
Scholarship1176,998,2018-12-25,2024-09-21, Info, Major
Scholarship1182,1955,2024-10-28,2024-11-19, Info, Major
Scholarship1184,868,2018-08-18,2024-08-12, Info, Major
Scholarship1185,2180,2022-08-20,2024-05-10, Info, Major
Scholarship1188,2256,2022-12-05,2024-09-13, Info, Major
Scholarship1190,2372,2020-07-12,2024-12-25, Info, Major
Scholarship1194,1775,2023-06-03,2024-06-01, Info, Major
Scholarship1195,825,2023-03-10,2024-06-15, Info, Major
Scholarship1196,647,2020-08-28,2023-11-24, Info, Major
Scholarship1198,2146,2023-03-14,2024-12-25, Info, Major
Scholarship1199,2219,2018-01-18,2024-05-25, Info, Major
Scholarship1205,1519,2024-03-25,2024-04-10, Info, Major
Scholarship1207,1865,2023-05-23,2024-11-06, Info, Major
Scholarship1215,1556,2022-12-13,2024-04-21, Info, Major
Scholarship1217,2101,2024-02-13,2024-12-21, Info, Major
Scholarship1218,1183,2020-08-13,2024-03-21, Info, Major
Scholarship1223,593,2018-01-17,2023-12-25, Info, Major
Scholarship1224,1757,2024-11-18,2024-12-27, Info, Major
Scholarship1226,1339,2022-11-15,2024-09-02, Info, Major
Scholarship1227,1355,2017-10-02,2024-06-27, Info, Major
Scholarship1230,1749,2023-09-22,2024-07-13, Info, Major
Scholarship1233,735,2020-05-07,2024-08-17, Info, Major
Scholarship1237,616,2023-06-08,2024-06-11, Info, Major
Scholarship1239,1564,2023-07-17,2024-03-09, Info, Major
Scholarship1240,1341,2016-11-06,2024-12-24, Info, Major
Scholarship1241,2379,2024-12-04,2024-12-13, Info, Major
Scholarship1243,1128,2021-03-23,2024-11-22, Info, Major
Scholarship1245,1490,2024-02-01,2024-05-21, Info, Major
Scholarship1247,2444,2020-11-23,2024-05-12, Info, Major
Scholarship1248,819,2016-09-11,2024-08-08, Info, Major
Scholarship1249,1068,2023-11-16,2024-10-05, Info, Major
Scholarship1250,1311,2023-04-03,2024-10-11, Info, Major
Scholarship1253,990,2023-01-05,2024-12-21, Info, Major
Scholarship1255,1581,2022-05-20,2024-06-26, Info, Major
Scholarship1257,2041,2016-08-04,2024-07-17, Info, Major
Scholarship1267,806,2023-10-28,2024-08-03, Info, Major
Scholarship1273,1620,2019-07-17,2024-01-23, Info, Major
Scholarship1278,2349,2016-08-18,2024-08-27, Info, Major
Scholarship1279,771,2016-09-08,2024-04-20, Info, Major
Scholarship1281,840,2023-03-05,2024-07-24, Info, Major
Scholarship1284,1055,2024-04-03,2024-07-07, Info, Major
Scholarship1290,727,2023-06-19,2024-02-13, Info, Major
Scholarship1291,1233,2023-09-28,2024-08-02, Info, Major
Scholarship1292,2076,2023-12-26,2024-01-03, Info, Major
Scholarship1295,907,2016-01-03,2024-05-11, Info, Major
Scholarship1299,1766,2023-09-14,2024-04-17, Info, Major
Scholarship1304,1913,2015-05-03,2024-11-25, Info, Major
Scholarship1306,1614,2019-07-03,2024-06-11, Info, Major
Scholarship1308,767,2022-06-13,2024-10-04, Info, Major
Scholarship1313,893,2024-03-21,2024-11-17, Info, Major
Scholarship1316,1847,2024-04-19,2024-06-16, Info, Major
Scholarship1319,1586,2018-05-12,2024-10-07, Info, Major
Scholarship1320,1490,2024-06-20,2024-11-19, Info, Major
Scholarship1325,2330,2021-08-25,2024-11-09, Info, Major
Scholarship1331,1873,2014-10-17,2024-10-18, Info, Major
Scholarship1333,2198,2023-11-08,2023-12-20, Info, Major
Scholarship1339,2073,2020-03-12,2024-12-07, Info, Major
Scholarship1340,1846,2024-08-14,2024-09-06, Info, Major
Scholarship1341,1054,2024-12-18,2024-12-26, Info, Major
Scholarship1346,994,2023-01-06,2024-07-25, Info, Major
Scholarship1353,2326,2021-09-28,2024-03-26, Info, Major
Scholarship1361,737,2022-03-14,2024-08-01, Info, Major
Scholarship1362,813,2023-08-21,2024-01-25, Info, Major
Scholarship1365,1176,2016-08-23,2024-04-27, Info, Major
Scholarship1367,1747,2023-04-08,2024-05-16, Info, Major
Scholarship1370,904,2024-03-25,2024-05-21, Info, Major
Scholarship1375,1106,2024-12-05,2024-12-13, Info, Major
Scholarship1378,1264,2024-09-24,2024-12-27, Info, Major
Scholarship1386,1529,2022-03-22,2024-02-19, Info, Major
Scholarship1387,829,2024-08-27,2024-12-12, Info, Major
Scholarship1389,620,2022-06-16,2024-05-27, Info, Major
Scholarship1390,867,2014-05-04,2024-01-17, Info, Major
Scholarship1391,1859,2024-11-25,2024-12-27, Info, Major
Scholarship1395,617,2020-08-18,2024-03-01, Info, Major
Scholarship1396,2420,2022-02-02,2024-02-19, Info, Major
Scholarship1406,651,2023-10-04,2024-11-11, Info, Major
Scholarship1411,604,2024-06-03,2024-09-19, Info, Major
Scholarship1415,1587,2022-01-13,2024-09-16, Info, Major
Scholarship1417,1516,2024-11-06,2024-11-13, Info, Major
Scholarship1418,2278,2024-01-07,2024-06-15, Info, Major
Scholarship1420,1374,2020-09-13,2024-12-20, Info, Major
Scholarship1421,1380,2022-03-16,2024-07-20, Info, Major
Scholarship1424,1491,2016-04-10,2023-12-06, Info, Major
Scholarship1426,1027,2022-12-14,2024-05-13, Info, Major
Scholarship1429,625,2019-03-13,2023-11-22, Info, Major
Scholarship1430,2312,2019-08-06,2024-09-03, Info, Major
Scholarship1431,1950,2023-09-06,2024-10-13, Info, Major
Scholarship1432,632,2024-02-27,2024-07-16, Info, Major
Scholarship1433,1198,2023-05-15,2024-12-21, Info, Major
Scholarship1434,710,2019-04-03,2023-12-10, Info, Major
Scholarship1437,511,2022-03-11,2024-04-22, Info, Major
Scholarship1440,806,2024-02-28,2024-06-22, Info, Major
Scholarship1449,1631,2024-11-04,2024-12-11, Info, Major
Scholarship1451,2147,2024-07-05,2024-09-18, Info, Major
Scholarship1452,2492,2020-10-07,2024-06-23, Info, Major
Scholarship1453,1238,2014-03-15,2024-02-03, Info, Major
Scholarship1454,1717,2024-11-04,2024-11-14, Info, Major
Scholarship1458,2288,2018-07-01,2024-07-13, Info, Major
Scholarship1459,1891,2023-01-09,2024-06-01, Info, Major
Scholarship1461,1013,2023-12-28,2024-01-08, Info, Major
Scholarship1462,1337,2023-03-25,2024-02-07, Info, Major
Scholarship1468,1094,2024-03-05,2024-08-14, Info, Major
Scholarship1474,888,2016-02-26,2024-02-07, Info, Major
Scholarship1475,1703,2024-02-28,2024-09-08, Info, Major
Scholarship1476,1181,2024-04-19,2024-07-09, Info, Major
Scholarship1477,1893,2024-12-14,2024-12-25, Info, Major
Scholarship1478,2287,2023-07-17,2024-02-14, Info, Major
Scholarship1482,1385,2019-06-19,2024-10-12, Info, Major
Scholarship1485,572,2019-01-03,2024-08-07, Info, Major
Scholarship1486,1490,2023-05-15,2024-11-08, Info, Major
Scholarship1488,2384,2023-06-20,2024-12-20, Info, Major
Scholarship1494,1121,2023-08-09,2024-06-17, Info, Major
Scholarship1495,1529,2024-11-22,2024-12-03, Info, Major
Scholarship1496,2440,2019-10-18,2024-04-01, Info, Major
Scholarship1498,2360,2024-09-05,2024-10-07, Info, Major
Scholarship1499,1352,2024-02-12,2024-07-26, Info, Major
Scholarship1501,2439,2018-07-07,2024-08-22, Info, Major
Scholarship1502,2084,2021-12-21,2024-09-26, Info, Major
Scholarship1504,1735,2024-11-07,2024-12-10, Info, Major
Scholarship1505,1127,2023-09-02,2024-07-14, Info, Major
Scholarship1513,2114,2023-07-19,2024-01-26, Info, Major
Scholarship1514,806,2022-03-08,2024-01-24, Info, Major
Scholarship1515,782,2023-12-22,2024-11-04, Info, Major
Scholarship1516,1665,2015-03-24,2024-06-26, Info, Major
Scholarship1517,2308,2022-05-27,2024-03-15, Info, Major
Scholarship1518,1582,2024-12-14,2024-12-21, Info, Major
Scholarship1524,2035,2023-12-03,2024-12-02, Info, Major
Scholarship1530,1421,2022-01-03,2024-09-03, Info, Major
Scholarship1534,2002,2020-05-19,2024-05-12, Info, Major
Scholarship1535,1180,2024-08-20,2024-09-24, Info, Major
Scholarship1537,2219,2019-03-05,2024-05-18, Info, Major
Scholarship1539,1455,2024-10-06,2024-12-19, Info, Major
Scholarship1540,2228,2022-08-16,2024-12-28, Info, Major
Scholarship1546,1241,2023-09-19,2024-12-03, Info, Major
Scholarship1550,791,2022-02-26,2023-12-24, Info, Major
Scholarship1554,858,2019-10-25,2024-04-25, Info, Major
Scholarship1556,898,2018-10-13,2024-01-18, Info, Major
Scholarship1559,1985,2024-08-16,2024-12-08, Info, Major
Scholarship1563,2498,2024-11-21,2024-12-19, Info, Major
Scholarship1564,515,2024-07-10,2024-11-21, Info, Major
Scholarship1565,1554,2017-05-06,2024-12-04, Info, Major
Scholarship1567,631,2024-06-10,2024-08-09, Info, Major
Scholarship1571,1731,2024-11-26,2024-12-15, Info, Major
Scholarship1573,982,2023-09-25,2024-03-03, Info, Major
Scholarship1578,1054,2018-02-10,2024-09-26, Info, Major
Scholarship1581,1147,2020-05-07,2024-01-21, Info, Major
Scholarship1585,781,2024-03-08,2024-07-08, Info, Major
Scholarship1592,1367,2015-08-17,2024-12-09, Info, Major
Scholarship1598,2339,2022-01-02,2024-02-08, Info, Major
Scholarship1599,1568,2023-12-14,2024-11-22, Info, Major
Scholarship1600,1644,2023-04-07,2024-06-25, Info, Major
Scholarship1606,807,2023-07-16,2024-08-15, Info, Major
Scholarship1608,1293,2019-03-20,2023-12-17, Info, Major
Scholarship1611,539,2014-11-07,2024-03-07, Info, Major
Scholarship1612,853,2024-07-08,2024-08-15, Info, Major
Scholarship1614,1710,2021-07-20,2024-11-25, Info, Major
Scholarship1615,1371,2024-04-05,2024-10-19, Info, Major
Scholarship1617,2384,2023-10-23,2024-01-13, Info, Major
Scholarship1619,732,2014-09-09,2024-09-27, Info, Major
Scholarship1620,2037,2023-10-28,2024-04-15, Info, Major
Scholarship1621,1963,2022-05-07,2024-12-21, Info, Major
Scholarship1623,2130,2024-10-07,2024-10-21, Info, Major
Scholarship1627,2060,2015-03-12,2024-12-14, Info, Major
Scholarship1629,630,2022-07-06,2024-07-01, Info, Major
Scholarship1634,1676,2015-06-02,2023-12-14, Info, Major
Scholarship1640,964,2024-12-01,2024-12-07, Info, Major
Scholarship1645,967,2023-06-02,2023-11-24, Info, Major
Scholarship1646,1310,2024-12-24,2024-12-25, Info, Major
Scholarship1652,1957,2023-05-02,2023-12-12, Info, Major
Scholarship1653,2492,2015-01-27,2024-09-18, Info, Major
Scholarship1656,735,2020-01-07,2024-03-15, Info, Major
Scholarship1658,617,2022-05-28,2024-09-01, Info, Major
Scholarship1661,697,2024-09-15,2024-10-28, Info, Major
Scholarship1663,1772,2024-11-24,2024-12-05, Info, Major
Scholarship1667,1154,2024-10-17,2024-11-13, Info, Major
Scholarship1668,1302,2017-09-11,2024-01-07, Info, Major
Scholarship1669,1880,2019-04-19,2024-10-08, Info, Major
Scholarship1671,908,2023-12-08,2024-04-08, Info, Major
Scholarship1672,1218,2024-08-05,2024-12-06, Info, Major
Scholarship1673,678,2020-06-12,2024-05-19, Info, Major
Scholarship1676,1473,2021-08-09,2023-12-26, Info, Major
Scholarship1678,1949,2020-07-13,2024-05-11, Info, Major
Scholarship1680,1047,2022-07-10,2024-08-18, Info, Major
Scholarship1684,1095,2018-07-23,2024-12-18, Info, Major
Scholarship1685,883,2019-06-21,2024-10-06, Info, Major
Scholarship1686,1809,2021-09-10,2024-10-26, Info, Major
Scholarship1687,1023,2015-06-11,2024-04-07, Info, Major
Scholarship1688,1605,2023-09-13,2024-04-11, Info, Major
Scholarship1689,1353,2022-12-09,2023-11-24, Info, Major
Scholarship1695,1542,2018-03-25,2024-09-10, Info, Major
Scholarship1697,1714,2021-07-26,2024-06-16, Info, Major
Scholarship1700,2350,2023-07-19,2024-07-11, Info, Major
Scholarship1703,1039,2016-08-03,2024-04-12, Info, Major
Scholarship1706,1415,2024-02-21,2024-12-09, Info, Major
Scholarship1707,562,2022-10-26,2024-08-27, Info, Major
Scholarship1711,2062,2021-11-15,2024-01-26, Info, Major
Scholarship1718,1807,2017-03-28,2024-11-19, Info, Major
Scholarship1720,2002,2020-12-26,2023-11-21, Info, Major
Scholarship1721,820,2015-09-27,2024-07-19, Info, Major
Scholarship1723,613,2014-03-22,2024-06-14, Info, Major
Scholarship1728,1694,2014-01-01,2023-11-24, Info, Major
Scholarship1734,1682,2022-04-18,2023-12-07, Info, Major
Scholarship1738,566,2017-10-28,2024-01-16, Info, Major
Scholarship1740,1329,2018-06-07,2024-09-06, Info, Major
Scholarship1744,2473,2024-03-09,2024-06-14, Info, Major
Scholarship1745,853,2024-12-08,2024-12-15, Info, Major
Scholarship1752,1853,2024-02-21,2024-03-11, Info, Major
Scholarship1754,2398,2016-01-16,2024-04-25, Info, Major
Scholarship1759,1005,2022-05-13,2024-01-02, Info, Major
Scholarship1760,1346,2024-08-22,2024-12-05, Info, Major
Scholarship1761,1740,2021-06-16,2024-08-24, Info, Major
Scholarship1765,1140,2023-09-10,2024-09-10, Info, Major
Scholarship1770,884,2021-10-20,2024-06-26, Info, Major
Scholarship1774,1033,2016-03-16,2024-01-08, Info, Major
Scholarship1775,977,2015-09-19,2024-12-07, Info, Major
Scholarship1778,1249,2023-11-06,2024-07-23, Info, Major
Scholarship1779,1741,2024-10-13,2024-11-16, Info, Major
Scholarship1783,1198,2018-01-28,2024-02-19, Info, Major
Scholarship1784,713,2023-05-08,2024-10-01, Info, Major
Scholarship1785,1844,2020-07-09,2024-10-27, Info, Major
Scholarship1786,1234,2017-05-23,2024-11-05, Info, Major
Scholarship1787,529,2022-05-01,2023-12-10, Info, Major
Scholarship1798,2418,2018-03-13,2024-11-04, Info, Major
Scholarship1801,1859,2019-08-18,2024-12-03, Info, Major
Scholarship1802,1498,2024-10-17,2024-12-08, Info, Major
Scholarship1805,982,2023-11-02,2024-05-08, Info, Major
Scholarship1809,2382,2020-06-08,2024-10-24, Info, Major
Scholarship1812,840,2016-01-06,2024-07-10, Info, Major
Scholarship1814,812,2024-12-20,2024-12-21, Info, Major
Scholarship1819,1787,2015-03-25,2024-11-08, Info, Major
Scholarship1821,1372,2022-07-25,2024-08-16, Info, Major
Scholarship1822,1434,2018-09-03,2024-12-27, Info, Major
Scholarship1823,783,2018-02-03,2024-10-02, Info, Major
Scholarship1824,2480,2022-07-07,2024-01-20, Info, Major
Scholarship1828,1988,2019-02-18,2024-06-03, Info, Major
Scholarship1832,1506,2021-01-17,2024-08-02, Info, Major
Scholarship1833,1277,2024-10-28,2024-12-01, Info, Major
Scholarship1839,1137,2024-04-01,2024-06-05, Info, Major
Scholarship1843,1893,2018-07-14,2024-11-19, Info, Major
Scholarship1851,1481,2016-01-13,2024-03-02, Info, Major
Scholarship1852,1377,2015-03-21,2024-05-28, Info, Major
Scholarship1853,2126,2022-08-14,2024-08-16, Info, Major
Scholarship1856,1869,2022-07-22,2024-02-18, Info, Major
Scholarship1859,763,2019-08-12,2024-09-26, Info, Major
Scholarship1862,1278,2024-01-12,2024-10-08, Info, Major
Scholarship1863,1786,2024-12-15,2024-12-18, Info, Major
Scholarship1864,1177,2016-04-13,2023-11-28, Info, Major
Scholarship1867,1036,2023-03-06,2024-03-28, Info, Major
Scholarship1870,678,2024-05-10,2024-12-19, Info, Major
Scholarship1872,2336,2023-09-06,2024-12-06, Info, Major
Scholarship1876,617,2018-09-20,2024-08-17, Info, Major
Scholarship1883,1040,2021-09-25,2024-02-13, Info, Major
Scholarship1886,822,2024-05-26,2024-06-21, Info, Major
Scholarship1888,1377,2019-08-26,2024-10-08, Info, Major
Scholarship1890,2463,2018-08-10,2024-09-28, Info, Major
Scholarship1897,1924,2024-03-24,2024-05-18, Info, Major
Scholarship1903,1549,2018-06-01,2024-04-11, Info, Major
Scholarship1904,1567,2021-08-14,2024-01-11, Info, Major
Scholarship1907,585,2023-09-18,2024-10-28, Info, Major
Scholarship1913,1576,2018-03-16,2023-11-22, Info, Major
Scholarship1917,518,2023-05-13,2024-12-16, Info, Major
Scholarship1923,1837,2014-01-01,2024-10-26, Info, Major
Scholarship1926,1983,2024-06-12,2024-08-21, Info, Major
Scholarship1932,2038,2023-06-28,2023-12-17, Info, Major
Scholarship1934,1886,2015-02-11,2023-11-26, Info, Major
Scholarship1935,575,2022-06-10,2024-09-19, Info, Major
Scholarship1937,564,2022-12-05,2024-07-26, Info, Major
Scholarship1940,2209,2024-05-14,2024-10-19, Info, Major
Scholarship1959,1773,2017-05-13,2024-03-03, Info, Major
Scholarship1965,2451,2023-04-26,2024-11-04, Info, Major
Scholarship1967,1613,2022-08-14,2024-06-02, Info, Major
Scholarship1971,934,2024-03-05,2024-03-08, Info, Major
Scholarship1976,1703,2024-05-16,2024-11-12, Info, Major
Scholarship1977,1194,2022-02-22,2024-05-27, Info, Major
Scholarship1980,682,2016-10-11,2024-06-18, Info, Major
Scholarship1981,850,2022-09-03,2024-07-01, Info, Major
Scholarship1982,1429,2024-04-18,2024-11-12, Info, Major
Scholarship1991,2262,2024-11-28,2024-12-23, Info, Major
Scholarship1993,2021,2023-03-13,2024-07-28, Info, Major
Scholarship1995,1839,2019-08-01,2024-01-24, Info, Major
Scholarship2001,1147,2023-11-02,2024-11-06, Info, Major
Scholarship2003,2002,2017-05-26,2024-02-22, Info, Major
Scholarship2005,1263,2024-08-23,2024-11-27, Info, Major
Scholarship2010,1561,2015-02-04,2024-04-16, Info, Major
Scholarship2012,1904,2014-01-15,2024-04-26, Info, Major
Scholarship2013,1775,2023-10-27,2024-02-27, Info, Major
Scholarship2017,1125,2023-03-07,2024-09-21, Info, Major
Scholarship2018,1819,2017-12-12,2024-09-17, Info, Major
Scholarship2019,1432,2023-04-14,2024-11-24, Info, Major
Scholarship2020,1194,2020-04-13,2024-09-12, Info, Major
Scholarship2021,1994,2022-08-07,2024-05-06, Info, Major
Scholarship2022,2476,2020-07-01,2023-12-06, Info, Major
Scholarship2025,1276,2020-02-06,2024-07-16, Info, Major
Scholarship2030,1331,2024-01-12,2024-08-26, Info, Major
Scholarship2035,2190,2020-07-01,2024-02-26, Info, Major
Scholarship2037,2336,2022-09-18,2024-04-07, Info, Major
Scholarship2045,1722,2024-02-21,2024-12-10, Info, Major
Scholarship2047,1055,2022-05-10,2024-06-10, Info, Major
Scholarship2054,593,2021-05-09,2024-04-27, Info, Major
Scholarship2058,1565,2023-01-24,2024-09-19, Info, Major
Scholarship2062,1182,2020-12-28,2023-11-23, Info, Major
Scholarship2063,2053,2015-01-27,2024-02-05, Info, Major
Scholarship2072,2378,2017-09-15,2024-05-19, Info, Major
Scholarship2074,1875,2020-11-06,2024-02-02, Info, Major
Scholarship2076,2163,2015-05-06,2024-04-03, Info, Major
Scholarship2077,1654,2015-03-23,2024-12-15, Info, Major
Scholarship2080,2257,2018-12-14,2024-07-23, Info, Major
Scholarship2081,771,2024-03-08,2024-09-22, Info, Major
Scholarship2083,821,2024-05-15,2024-11-12, Info, Major
Scholarship2084,1047,2014-01-17,2024-07-06, Info, Major
Scholarship2085,1704,2024-12-16,2024-12-27, Info, Major
Scholarship2090,1682,2023-06-24,2024-04-20, Info, Major
Scholarship2091,1971,2017-02-22,2024-01-18, Info, Major
Scholarship2092,1417,2017-03-25,2024-03-17, Info, Major
Scholarship2098,1335,2020-06-13,2024-01-23, Info, Major
Scholarship2100,2010,2024-07-07,2024-11-28, Info, Major
Scholarship2101,1735,2022-02-21,2024-10-17, Info, Major
Scholarship2103,1345,2024-12-04,2024-12-28, Info, Major
Scholarship2105,1561,2018-05-18,2024-04-01, Info, Major
Scholarship2106,1573,2023-03-06,2024-10-20, Info, Major
Scholarship2107,1966,2020-01-22,2024-04-17, Info, Major
Scholarship2108,829,2016-07-10,2024-05-14, Info, Major
Scholarship2109,820,2021-09-09,2024-06-19, Info, Major
Scholarship2110,2245,2023-08-15,2024-12-09, Info, Major
Scholarship2112,2008,2022-10-03,2024-07-27, Info, Major
Scholarship2123,816,2014-08-11,2024-10-08, Info, Major
Scholarship2125,1487,2021-09-19,2024-08-24, Info, Major
Scholarship2129,2123,2023-07-05,2024-06-05, Info, Major
Scholarship2131,1923,2023-12-05,2024-08-25, Info, Major
Scholarship2134,2397,2024-12-24,2024-12-27, Info, Major
Scholarship2139,924,2019-05-25,2024-04-23, Info, Major
Scholarship2141,2280,2014-08-01,2023-12-06, Info, Major
Scholarship2142,567,2018-04-02,2024-03-24, Info, Major
Scholarship2143,1427,2021-09-26,2024-01-20, Info, Major
Scholarship2144,935,2020-04-22,2024-03-05, Info, Major
Scholarship2145,933,2016-05-08,2024-11-04, Info, Major
Scholarship2147,963,2024-09-01,2024-12-18, Info, Major
Scholarship2152,1227,2023-09-11,2024-09-03, Info, Major
Scholarship2153,1374,2020-08-20,2024-02-10, Info, Major
Scholarship2159,1918,2015-09-15,2024-02-25, Info, Major
Scholarship2160,1567,2024-05-02,2024-12-03, Info, Major
Scholarship2161,1024,2022-10-04,2024-08-11, Info, Major
Scholarship2169,716,2024-03-09,2024-07-08, Info, Major
Scholarship2170,1589,2024-07-02,2024-08-02, Info, Major
Scholarship2172,2405,2018-08-14,2024-06-22, Info, Major
Scholarship2175,1113,2016-02-15,2024-04-14, Info, Major
Scholarship2178,729,2020-09-22,2024-12-04, Info, Major
Scholarship2179,556,2022-09-10,2024-03-09, Info, Major
Scholarship2180,668,2023-01-17,2024-02-05, Info, Major
Scholarship2182,1939,2023-11-22,2024-04-09, Info, Major
Scholarship2189,1471,2023-09-03,2024-06-06, Info, Major
Scholarship2190,841,2022-04-28,2023-12-21, Info, Major
Scholarship2191,547,2022-03-12,2023-12-08, Info, Major
Scholarship2192,1214,2024-12-16,2024-12-24, Info, Major
Scholarship2194,2461,2024-05-18,2024-11-28, Info, Major
Scholarship2195,1490,2024-12-15,2024-12-19, Info, Major
Scholarship2198,2102,2015-07-26,2024-10-27, Info, Major
Scholarship2199,1736,2021-04-21,2024-11-26, Info, Major
Scholarship2203,1399,2023-06-22,2024-04-20, Info, Major
Scholarship2204,2495,2023-06-23,2024-06-10, Info, Major
Scholarship2207,2465,2017-07-10,2024-10-10, Info, Major
Scholarship2211,806,2024-12-01,2024-12-18, Info, Major
Scholarship2212,1560,2018-03-23,2024-03-21, Info, Major
Scholarship2214,1440,2024-01-18,2024-09-20, Info, Major
Scholarship2216,2109,2018-11-01,2024-09-08, Info, Major
Scholarship2217,2143,2024-10-13,2024-12-24, Info, Major
Scholarship2220,1034,2024-12-16,2024-12-20, Info, Major
Scholarship2221,1184,2024-09-02,2024-12-16, Info, Major
Scholarship2224,594,2023-04-03,2024-12-23, Info, Major
Scholarship2225,2026,2020-12-11,2024-06-16, Info, Major
Scholarship2226,1462,2022-09-02,2024-05-13, Info, Major
Scholarship2229,1003,2024-07-27,2024-12-15, Info, Major
Scholarship2232,1941,2022-06-21,2024-11-13, Info, Major
Scholarship2237,1049,2017-02-13,2024-09-04, Info, Major
Scholarship2238,870,2018-03-09,2024-11-09, Info, Major
Scholarship2243,573,2023-06-22,2023-12-16, Info, Major
Scholarship2247,1172,2022-12-22,2024-04-05, Info, Major
Scholarship2249,2055,2017-09-25,2024-07-17, Info, Major
Scholarship2256,2075,2024-03-21,2024-11-20, Info, Major
Scholarship2259,588,2024-06-27,2024-10-22, Info, Major
Scholarship2266,1675,2024-07-07,2024-07-25, Info, Major
Scholarship2273,2000,2021-08-12,2024-06-01, Info, Major
Scholarship2275,2416,2024-07-25,2024-09-25, Info, Major
Scholarship2279,1488,2022-05-27,2024-09-22, Info, Major
Scholarship2280,1766,2023-03-07,2024-10-26, Info, Major
Scholarship2283,833,2016-09-19,2024-12-25, Info, Major
Scholarship2285,996,2022-01-01,2023-11-28, Info, Major
Scholarship2287,783,2016-07-12,2024-05-10, Info, Major
Scholarship2290,1789,2023-09-12,2024-02-19, Info, Major
Scholarship2295,1582,2024-02-28,2024-03-28, Info, Major
Scholarship2296,2467,2024-12-10,2024-12-14, Info, Major
Scholarship2298,2338,2023-01-23,2024-01-06, Info, Major
Scholarship2305,2199,2024-08-15,2024-10-13, Info, Major
Scholarship2306,1593,2020-02-12,2024-06-16, Info, Major
Scholarship2311,2436,2018-12-02,2024-06-16, Info, Major
Scholarship2312,784,2020-06-26,2024-11-23, Info, Major
Scholarship2315,1192,2015-08-19,2024-09-09, Info, Major
Scholarship2317,1501,2020-07-06,2024-07-27, Info, Major
Scholarship2319,704,2022-03-13,2024-05-17, Info, Major
Scholarship2323,655,2024-05-07,2024-08-10, Info, Major
Scholarship2324,2307,2024-08-22,2024-10-26, Info, Major
Scholarship2333,1999,2024-11-16,2024-11-28, Info, Major
Scholarship2335,871,2023-07-16,2024-11-27, Info, Major
Scholarship2337,1974,2024-11-26,2024-12-24, Info, Major
Scholarship2342,2023,2018-08-08,2023-12-05, Info, Major
Scholarship2344,2085,2024-12-21,2024-12-26, Info, Major
Scholarship2355,1091,2022-11-08,2024-01-17, Info, Major
Scholarship2362,1762,2024-11-26,2024-12-28, Info, Major
Scholarship2371,1874,2023-10-19,2024-12-06, Info, Major
Scholarship2372,1852,2020-11-25,2024-10-14, Info, Major
Scholarship2374,1356,2022-02-24,2024-12-23, Info, Major
Scholarship2378,1026,2022-07-13,2024-06-15, Info, Major
Scholarship2379,2163,2024-09-28,2024-12-20, Info, Major
Scholarship2384,1932,2023-07-06,2024-11-21, Info, Major
Scholarship2386,1152,2022-07-24,2024-02-18, Info, Major
Scholarship2387,1341,2019-06-14,2024-07-04, Info, Major
Scholarship2388,1450,2024-08-03,2024-10-25, Info, Major
Scholarship2390,1474,2024-09-28,2024-10-02, Info, Major
Scholarship2394,1199,2017-06-13,2024-09-26, Info, Major
Scholarship2397,1211,2023-12-19,2024-12-27, Info, Major
Scholarship2403,2372,2018-12-07,2024-05-15, Info, Major
Scholarship2404,1431,2015-07-25,2024-03-28, Info, Major
Scholarship2406,752,2024-06-12,2024-10-01, Info, Major
Scholarship2407,2141,2021-05-27,2024-01-11, Info, Major
Scholarship2409,719,2021-11-26,2023-11-21, Info, Major
Scholarship2413,815,2020-04-19,2024-04-02, Info, Major
Scholarship2414,1726,2024-12-09,2024-12-28, Info, Major
Scholarship2415,2427,2022-08-23,2024-07-10, Info, Major
Scholarship2417,1534,2023-09-04,2024-10-15, Info, Major
Scholarship2418,1855,2024-11-09,2024-12-02, Info, Major
Scholarship2419,1502,2020-10-18,2024-07-03, Info, Major
Scholarship2420,1253,2022-01-02,2023-11-21, Info, Major
Scholarship2422,2062,2022-10-26,2024-03-04, Info, Major
Scholarship2427,1829,2020-03-21,2023-12-21, Info, Major
Scholarship2428,1722,2024-08-18,2024-11-14, Info, Major
Scholarship2429,2025,2019-12-27,2024-06-03, Info, Major
Scholarship2432,645,2023-04-02,2024-10-21, Info, Major
Scholarship2434,2049,2022-02-03,2024-08-04, Info, Major
Scholarship2437,583,2024-12-26,2024-12-28, Info, Major
Scholarship2445,2102,2018-02-18,2024-10-15, Info, Major
Scholarship2450,1809,2018-08-02,2024-08-14, Info, Major
Scholarship2451,913,2024-10-26,2024-11-06, Info, Major
Scholarship2452,1034,2014-04-14,2024-10-12, Info, Major
Scholarship2457,2305,2024-03-01,2024-03-19, Info, Major
Scholarship2463,993,2024-04-22,2024-12-07, Info, Major
Scholarship2465,721,2023-10-04,2024-12-05, Info, Major
Scholarship2467,790,2021-06-07,2024-10-25, Info, Major
Scholarship2470,1676,2024-07-19,2024-09-20, Info, Major
Scholarship2472,1003,2019-08-15,2024-11-16, Info, Major
Scholarship2476,814,2024-12-05,2024-12-20, Info, Major
Scholarship2487,758,2024-08-03,2024-09-05, Info, Major
Scholarship2490,999,2024-07-20,2024-07-24, Info, Major
Scholarship2492,1572,2022-12-01,2023-12-21, Info, Major
Scholarship2493,2114,2024-02-02,2024-08-20, Info, Major
Scholarship2494,745,2016-07-15,2024-10-22, Info, Major
Scholarship2498,1069,2024-02-06,2024-05-02, Info, Major
Scholarship2499,1503,2022-10-02,2024-05-02, Info, Major
Scholarship2501,2075,2021-04-01,2024-05-12, Info, Major
Scholarship2503,1288,2023-09-07,2024-02-21, Info, Major
Scholarship2504,1502,2021-09-23,2024-11-21, Info, Major
Scholarship2507,709,2017-12-04,2024-09-28, Info, Major
Scholarship2508,1009,2021-08-21,2023-12-13, Info, Major
Scholarship2510,2409,2016-04-14,2024-12-22, Info, Major
Scholarship2513,1451,2023-01-03,2024-09-26, Info, Major
Scholarship2515,2000,2024-07-22,2024-08-19, Info, Major
Scholarship2530,1215,2020-05-19,2024-04-27, Info, Major
Scholarship2533,1292,2014-11-15,2024-02-07, Info, Major
Scholarship2534,970,2023-07-06,2024-01-21, Info, Major
Scholarship2537,539,2023-09-15,2024-12-26, Info, Major
Scholarship2543,725,2017-10-25,2024-05-09, Info, Major
Scholarship2545,1383,2022-04-24,2023-12-21, Info, Major
Scholarship2548,541,2024-05-06,2024-07-25, Info, Major
Scholarship2549,517,2024-09-24,2024-11-23, Info, Major
Scholarship2550,2321,2024-01-14,2024-02-20, Info, Major
Scholarship2551,1419,2023-11-26,2024-02-22, Info, Major
Scholarship2552,1705,2023-03-13,2024-07-15, Info, Major
Scholarship2553,2261,2023-12-05,2024-05-27, Info, Major
Scholarship2557,2042,2024-09-08,2024-11-22, Info, Major
Scholarship2559,1286,2023-11-01,2024-03-18, Info, Major
Scholarship2562,1580,2022-08-15,2024-07-19, Info, Major
Scholarship2566,563,2022-07-14,2023-12-05, Info, Major
Scholarship2567,1394,2024-05-05,2024-07-11, Info, Major
Scholarship2575,1267,2024-02-28,2024-03-14, Info, Major
Scholarship2576,1878,2024-11-27,2024-12-06, Info, Major
Scholarship2581,601,2021-01-03,2024-01-21, Info, Major
Scholarship2591,2409,2023-02-03,2024-03-19, Info, Major
Scholarship2592,1372,2021-05-01,2024-12-03, Info, Major
Scholarship2598,1285,2016-04-03,2024-07-28, Info, Major
Scholarship2602,817,2023-04-18,2024-08-03, Info, Major
Scholarship2604,1760,2023-06-06,2024-01-28, Info, Major
Scholarship2607,2063,2023-05-01,2024-02-26, Info, Major
Scholarship2608,2054,2017-01-13,2024-07-15, Info, Major
Scholarship2610,1061,2022-02-23,2024-05-06, Info, Major
Scholarship2615,762,2018-04-20,2024-07-28, Info, Major
Scholarship2621,581,2022-10-22,2024-01-11, Info, Major
Scholarship2623,1701,2022-09-28,2024-01-24, Info, Major
Scholarship2626,1674,2022-06-21,2024-11-11, Info, Major
Scholarship2627,2488,2023-04-04,2024-11-18, Info, Major
Scholarship2631,1724,2018-05-23,2023-12-10, Info, Major
Scholarship2634,1416,2017-08-10,2024-01-16, Info, Major
Scholarship2641,1407,2024-05-27,2024-07-08, Info, Major
Scholarship2642,2326,2024-10-16,2024-11-09, Info, Major
Scholarship2644,2084,2023-11-24,2024-08-16, Info, Major
Scholarship2647,1312,2022-01-07,2024-04-26, Info, Major
Scholarship2648,580,2018-04-09,2024-05-20, Info, Major
Scholarship2650,740,2022-07-27,2024-09-06, Info, Major
Scholarship2651,1615,2022-02-04,2024-06-20, Info, Major
Scholarship2652,513,2023-11-02,2024-10-12, Info, Major
Scholarship2653,863,2022-09-14,2024-04-27, Info, Major
Scholarship2657,1348,2024-10-22,2024-10-26, Info, Major
Scholarship2658,1633,2023-10-16,2024-11-25, Info, Major
Scholarship2659,851,2022-01-11,2024-08-17, Info, Major
Scholarship2663,525,2022-09-28,2024-07-01, Info, Major
Scholarship2670,1786,2023-02-04,2023-12-05, Info, Major
Scholarship2672,1208,2024-01-10,2024-12-17, Info, Major
Scholarship2677,1385,2021-11-25,2024-12-12, Info, Major
Scholarship2680,1836,2020-12-23,2024-11-27, Info, Major
Scholarship2682,1419,2023-08-21,2024-11-12, Info, Major
Scholarship2685,689,2016-03-19,2024-01-11, Info, Major
Scholarship2686,1800,2024-05-20,2024-11-24, Info, Major
Scholarship2687,898,2023-09-21,2024-07-12, Info, Major
Scholarship2694,1094,2015-07-20,2024-01-08, Info, Major
Scholarship2696,2382,2021-01-27,2023-12-09, Info, Major
Scholarship2697,1041,2024-07-28,2024-08-03, Info, Major
Scholarship2702,1050,2024-09-02,2024-09-26, Info, Major
Scholarship2710,784,2021-10-16,2024-06-14, Info, Major
Scholarship2713,717,2024-12-08,2024-12-16, Info, Major
Scholarship2717,766,2024-07-07,2024-12-26, Info, Major
Scholarship2725,2343,2018-03-07,2024-12-17, Info, Major
Scholarship2728,2093,2018-04-24,2024-06-01, Info, Major
Scholarship2729,1402,2015-01-13,2024-07-15, Info, Major
Scholarship2731,1935,2020-03-15,2024-12-27, Info, Major
Scholarship2732,1592,2017-08-08,2024-12-08, Info, Major
Scholarship2733,1846,2022-12-18,2024-05-04, Info, Major
Scholarship2734,2249,2016-06-06,2024-11-15, Info, Major
Scholarship2735,1703,2017-11-13,2024-08-26, Info, Major
Scholarship2737,804,2020-01-12,2024-06-28, Info, Major
Scholarship2738,1308,2019-06-06,2024-11-16, Info, Major
Scholarship2742,1162,2024-09-12,2024-10-07, Info, Major
Scholarship2744,725,2023-02-07,2024-05-02, Info, Major
Scholarship2745,1598,2022-04-12,2024-05-04, Info, Major
Scholarship2746,1274,2023-08-14,2024-08-09, Info, Major
Scholarship2747,1218,2018-02-03,2024-12-19, Info, Major
Scholarship2751,2007,2018-02-04,2024-10-03, Info, Major
Scholarship2754,1489,2016-11-01,2024-08-05, Info, Major
Scholarship2758,1721,2022-11-15,2024-09-19, Info, Major
Scholarship2763,1969,2022-11-25,2024-06-10, Info, Major
Scholarship2765,939,2024-08-13,2024-09-08, Info, Major
Scholarship2770,1250,2022-10-27,2024-03-28, Info, Major
Scholarship2773,1918,2017-06-01,2024-01-25, Info, Major
Scholarship2776,544,2024-05-08,2024-12-06, Info, Major
Scholarship2781,1326,2021-02-28,2024-02-04, Info, Major
Scholarship2782,945,2019-07-13,2024-10-09, Info, Major
Scholarship2783,1888,2024-12-26,2024-12-27, Info, Major
Scholarship2786,2043,2023-11-16,2024-01-18, Info, Major
Scholarship2787,1188,2023-06-21,2024-04-16, Info, Major
Scholarship2788,1652,2024-07-24,2024-07-28, Info, Major
Scholarship2790,1346,2021-09-06,2024-07-10, Info, Major
Scholarship2795,2407,2022-11-03,2024-06-03, Info, Major
Scholarship2800,2346,2023-08-12,2024-02-02, Info, Major
Scholarship2801,2258,2024-03-21,2024-07-23, Info, Major
Scholarship2802,2059,2019-06-18,2024-07-13, Info, Major
Scholarship2807,2204,2024-11-26,2024-12-05, Info, Major
Scholarship2808,1869,2024-10-25,2024-11-10, Info, Major
Scholarship2810,634,2024-06-13,2024-08-06, Info, Major
Scholarship2812,1369,2020-03-02,2023-12-22, Info, Major
Scholarship2814,818,2018-04-28,2023-11-23, Info, Major
Scholarship2817,894,2024-12-22,2024-12-23, Info, Major
Scholarship2820,1199,2023-03-27,2024-11-26, Info, Major
Scholarship2824,1879,2021-12-13,2024-12-16, Info, Major
Scholarship2827,1401,2024-12-24,2024-12-27, Info, Major
Scholarship2831,1762,2017-07-21,2024-09-06, Info, Major
Scholarship2834,1289,2020-10-04,2024-12-01, Info, Major
Scholarship2835,1192,2022-06-07,2024-08-12, Info, Major
Scholarship2839,1401,2023-05-28,2024-12-14, Info, Major
Scholarship2840,842,2023-10-08,2023-12-16, Info, Major
Scholarship2841,754,2024-11-08,2024-12-17, Info, Major
Scholarship2842,2292,2019-07-07,2024-01-23, Info, Major
Scholarship2848,2026,2024-03-16,2024-06-25, Info, Major
Scholarship2849,1776,2023-12-03,2024-03-16, Info, Major
Scholarship2854,632,2020-01-06,2024-10-05, Info, Major
Scholarship2860,1037,2023-03-15,2024-03-16, Info, Major
Scholarship2864,1831,2020-07-10,2024-08-26, Info, Major
Scholarship2865,800,2021-10-07,2024-01-02, Info, Major
Scholarship2866,1397,2023-02-20,2023-11-28, Info, Major
Scholarship2869,673,2023-03-11,2024-05-22, Info, Major
Scholarship2874,855,2024-05-22,2024-10-14, Info, Major
Scholarship2875,2382,2023-12-17,2024-10-28, Info, Major
Scholarship2877,1011,2023-10-28,2024-02-19, Info, Major
Scholarship2878,1629,2023-11-23,2024-05-19, Info, Major
Scholarship2880,1102,2022-08-09,2024-01-01, Info, Major
Scholarship2892,760,2023-04-11,2024-03-17, Info, Major
Scholarship2894,1862,2022-06-16,2024-01-22, Info, Major
Scholarship2897,1514,2023-12-25,2024-08-10, Info, Major
Scholarship2901,2140,2022-06-08,2024-05-23, Info, Major
Scholarship2903,1806,2015-01-22,2024-02-07, Info, Major
Scholarship2905,2217,2021-01-22,2023-12-25, Info, Major
Scholarship2909,525,2023-12-28,2024-12-04, Info, Major
Scholarship2910,827,2022-10-07,2024-09-11, Info, Major
Scholarship2915,2491,2024-02-12,2024-11-20, Info, Major
Scholarship2916,2376,2023-11-24,2024-02-28, Info, Major
Scholarship2917,1179,2019-09-10,2024-01-06, Info, Major
Scholarship2918,1112,2023-08-03,2024-04-22, Info, Major
Scholarship2935,1658,2021-08-24,2024-05-02, Info, Major
Scholarship2939,1866,2023-10-27,2024-01-20, Info, Major
Scholarship2940,1355,2024-06-12,2024-11-28, Info, Major
Scholarship2941,2263,2023-12-08,2024-08-25, Info, Major
Scholarship2943,1502,2024-08-27,2024-10-09, Info, Major
Scholarship2949,2403,2020-07-25,2023-12-16, Info, Major
Scholarship2950,1582,2023-01-10,2024-08-15, Info, Major
Scholarship2952,1529,2018-02-17,2024-05-07, Info, Major
Scholarship2953,2426,2024-04-01,2024-08-24, Info, Major
Scholarship2954,1142,2023-01-15,2024-09-20, Info, Major
Scholarship2955,2491,2022-10-08,2024-06-22, Info, Major
Scholarship2956,1165,2022-02-15,2024-12-01, Info, Major
Scholarship2957,846,2024-07-10,2024-12-09, Info, Major
Scholarship2967,1698,2014-12-16,2024-08-19, Info, Major
Scholarship2969,1481,2021-12-01,2023-11-25, Info, Major
Scholarship2970,1610,2024-09-11,2024-09-26, Info, Major
Scholarship2982,2043,2023-09-06,2024-11-25, Info, Major
Scholarship2983,2082,2023-07-21,2023-12-16, Info, Major
Scholarship2993,1571,2018-05-26,2023-12-11, Info, Major
Scholarship2994,2320,2024-12-08,2024-12-25, Info, Major
Scholarship2998,2061,2020-11-08,2024-01-01, Info, Major
Scholarship3003,874,2024-08-14,2024-09-02, Info, Major
Scholarship3004,1799,2019-09-05,2024-01-16, Info, Major
Scholarship3006,978,2021-10-18,2024-10-23, Info, Major
Scholarship3011,1911,2016-11-15,2024-09-16, Info, Major
Scholarship3014,736,2023-08-01,2024-11-27, Info, Major
Scholarship3015,1212,2017-06-19,2024-06-16, Info, Major
Scholarship3018,1791,2023-06-22,2024-12-09, Info, Major
Scholarship3028,1105,2024-12-26,2024-12-27, Info, Major
Scholarship3031,1490,2019-02-13,2024-11-05, Info, Major
Scholarship3035,1818,2023-12-26,2024-01-17, Info, Major
Scholarship3038,1663,2024-09-07,2024-12-05, Info, Major
Scholarship3040,1626,2019-04-18,2024-12-01, Info, Major
Scholarship3042,1552,2020-06-10,2024-11-08, Info, Major
Scholarship3043,870,2015-11-01,2024-04-05, Info, Major
Scholarship3046,1569,2018-05-17,2024-12-24, Info, Major
Scholarship3050,681,2024-11-27,2024-12-21, Info, Major
Scholarship3051,1175,2023-04-24,2024-06-21, Info, Major
Scholarship3052,2468,2024-06-05,2024-07-09, Info, Major
Scholarship3054,921,2021-01-06,2024-10-12, Info, Major
Scholarship3055,1625,2016-10-23,2024-09-08, Info, Major
Scholarship3056,507,2021-03-08,2024-03-18, Info, Major
Scholarship3057,1982,2024-08-03,2024-10-21, Info, Major
Scholarship3061,1740,2019-04-19,2024-05-13, Info, Major
Scholarship3062,500,2015-06-11,2023-12-01, Info, Major
Scholarship3068,1101,2023-08-08,2024-07-20, Info, Major
Scholarship3070,1357,2023-09-25,2024-11-08, Info, Major
Scholarship3074,531,2017-02-25,2024-08-18, Info, Major
Scholarship3075,2394,2024-10-24,2024-12-23, Info, Major
Scholarship3080,1909,2024-02-18,2024-02-28, Info, Major
Scholarship3081,1888,2019-10-12,2024-08-25, Info, Major
Scholarship3083,838,2021-11-19,2024-11-23, Info, Major
Scholarship3085,1611,2015-09-06,2024-10-26, Info, Major
Scholarship3087,2090,2020-04-02,2024-03-10, Info, Major
Scholarship3090,861,2024-11-11,2024-11-15, Info, Major
Scholarship3091,2285,2024-06-28,2024-09-25, Info, Major
Scholarship3095,1591,2024-08-15,2024-09-14, Info, Major
Scholarship3101,2376,2014-03-04,2024-12-11, Info, Major
Scholarship3102,1957,2019-07-14,2024-10-22, Info, Major
Scholarship3107,1562,2014-06-28,2024-01-16, Info, Major
Scholarship3110,1536,2019-10-23,2024-12-25, Info, Major
Scholarship3114,641,2022-09-18,2024-04-23, Info, Major
Scholarship3122,1683,2022-08-03,2024-01-22, Info, Major
Scholarship3126,2061,2015-05-26,2024-07-20, Info, Major
Scholarship3129,2392,2018-07-25,2024-08-22, Info, Major
Scholarship3130,1943,2023-10-16,2024-12-03, Info, Major
Scholarship3131,738,2024-09-21,2024-12-02, Info, Major
Scholarship3135,669,2022-06-24,2024-06-22, Info, Major
