Scholarship name, Amount Rewarded, Deadline, Disbursment Date, Required Info, Preffered Majors
Scholarship5,2403,2024-12-23,2015-02-21, Info, Major
Scholarship10,509,2018-03-16,2015-06-11, Info, Major
Scholarship13,1655,2016-02-22,2015-12-28, Info, Major
Scholarship23,2385,2014-03-28,2015-05-05, Info, Major
Scholarship31,1033,2022-08-01,2015-06-21, Info, Major
Scholarship64,1354,2017-04-11,2015-01-08, Info, Major
Scholarship72,2267,2018-11-24,2015-12-05, Info, Major
Scholarship79,1347,2014-01-25,2015-02-20, Info, Major
Scholarship107,2434,2017-11-25,2015-05-05, Info, Major
Scholarship134,1077,2018-03-25,2015-01-18, Info, Major
Scholarship137,1944,2016-03-14,2015-01-15, Info, Major
Scholarship140,2271,2014-03-21,2015-11-03, Info, Major
Scholarship206,2253,2014-08-07,2015-12-12, Info, Major
Scholarship212,1523,2023-07-22,2015-08-04, Info, Major
Scholarship228,1560,2020-01-05,2015-07-08, Info, Major
Scholarship300,2493,2020-04-21,2015-02-01, Info, Major
Scholarship301,2364,2024-05-28,2015-08-11, Info, Major
Scholarship303,1318,2022-02-03,2015-03-25, Info, Major
Scholarship338,658,2015-01-09,2015-08-15, Info, Major
Scholarship345,676,2020-11-26,2015-06-28, Info, Major
Scholarship353,1679,2014-02-14,2015-07-19, Info, Major
Scholarship377,2491,2019-12-02,2015-12-05, Info, Major
Scholarship392,2258,2021-02-21,2015-02-18, Info, Major
Scholarship395,2484,2018-06-05,2015-08-17, Info, Major
Scholarship416,2001,2018-06-16,2015-03-27, Info, Major
Scholarship418,1078,2016-02-04,2015-09-19, Info, Major
Scholarship440,1903,2024-10-23,2015-07-16, Info, Major
Scholarship442,1867,2021-05-28,2015-08-22, Info, Major
Scholarship448,1036,2014-07-16,2015-03-18, Info, Major
Scholarship453,2406,2014-06-25,2015-10-05, Info, Major
Scholarship484,2277,2018-07-27,2015-01-23, Info, Major
Scholarship494,806,2023-04-20,2015-06-16, Info, Major
Scholarship506,1403,2020-03-25,2015-03-08, Info, Major
Scholarship510,2131,2020-11-24,2015-02-14, Info, Major
Scholarship516,1381,2020-12-08,2015-12-07, Info, Major
Scholarship527,1744,2024-02-24,2015-07-08, Info, Major
Scholarship535,2230,2018-03-03,2015-12-15, Info, Major
Scholarship537,2497,2019-08-25,2015-07-21, Info, Major
Scholarship538,1295,2023-11-14,2015-11-23, Info, Major
Scholarship540,710,2017-05-10,2015-03-10, Info, Major
Scholarship543,1278,2020-08-15,2015-07-15, Info, Major
Scholarship544,1568,2018-03-03,2015-10-09, Info, Major
Scholarship549,1270,2022-02-09,2015-07-07, Info, Major
Scholarship553,687,2014-09-03,2015-10-28, Info, Major
Scholarship555,2368,2014-07-08,2015-01-06, Info, Major
Scholarship566,1352,2014-06-12,2015-08-13, Info, Major
Scholarship568,2333,2022-12-25,2015-11-17, Info, Major
Scholarship579,2490,2018-04-24,2015-02-13, Info, Major
Scholarship589,897,2020-07-08,2015-04-15, Info, Major
Scholarship621,1415,2019-07-20,2015-03-26, Info, Major
Scholarship637,832,2021-07-20,2015-11-11, Info, Major
Scholarship641,1612,2019-09-24,2015-01-18, Info, Major
Scholarship645,1757,2021-07-13,2015-12-25, Info, Major
Scholarship657,1738,2019-02-14,2015-02-03, Info, Major
Scholarship661,1099,2021-05-14,2015-07-11, Info, Major
Scholarship663,2164,2020-10-26,2015-01-18, Info, Major
Scholarship675,2046,2015-12-25,2015-01-21, Info, Major
Scholarship678,2385,2020-05-17,2015-03-19, Info, Major
Scholarship709,1493,2022-08-04,2015-11-05, Info, Major
Scholarship723,2491,2017-08-13,2015-02-16, Info, Major
Scholarship732,1499,2020-08-04,2015-07-21, Info, Major
Scholarship797,2160,2023-04-23,2015-08-05, Info, Major
Scholarship804,2010,2024-11-02,2015-03-15, Info, Major
Scholarship814,838,2015-03-20,2015-04-08, Info, Major
Scholarship815,1740,2023-04-06,2015-03-23, Info, Major
Scholarship816,1663,2017-05-09,2015-05-08, Info, Major
Scholarship818,853,2021-12-14,2015-05-17, Info, Major
Scholarship836,1926,2019-09-12,2015-02-09, Info, Major
Scholarship843,727,2018-03-05,2015-04-15, Info, Major
Scholarship846,1777,2014-01-17,2015-06-13, Info, Major
Scholarship856,1961,2018-07-09,2015-08-07, Info, Major
Scholarship860,688,2016-10-17,2015-07-08, Info, Major
Scholarship864,773,2021-08-16,2015-02-06, Info, Major
Scholarship867,2420,2022-06-24,2015-12-27, Info, Major
Scholarship882,1276,2016-10-10,2015-03-25, Info, Major
Scholarship884,1158,2014-08-15,2015-06-05, Info, Major
Scholarship886,1606,2017-11-05,2015-10-20, Info, Major
Scholarship907,844,2024-01-03,2015-08-13, Info, Major
Scholarship920,2131,2020-09-11,2015-01-02, Info, Major
Scholarship921,1222,2015-10-13,2015-01-15, Info, Major
Scholarship932,1027,2023-05-11,2015-04-19, Info, Major
Scholarship953,927,2023-04-05,2015-08-26, Info, Major
Scholarship970,1370,2018-01-15,2015-11-06, Info, Major
Scholarship974,2429,2016-08-07,2015-08-04, Info, Major
Scholarship989,2271,2016-01-08,2015-09-28, Info, Major
Scholarship998,1637,2021-10-11,2015-05-26, Info, Major
Scholarship1011,2095,2020-09-02,2015-12-16, Info, Major
Scholarship1049,537,2014-08-03,2015-12-06, Info, Major
Scholarship1066,2079,2015-05-06,2015-11-24, Info, Major
Scholarship1087,1279,2024-07-06,2015-10-01, Info, Major
Scholarship1089,1903,2018-03-08,2015-07-14, Info, Major
Scholarship1090,2175,2023-08-03,2015-06-26, Info, Major
Scholarship1096,1094,2021-02-27,2015-01-05, Info, Major
Scholarship1107,2364,2023-02-18,2015-06-17, Info, Major
Scholarship1112,502,2022-12-06,2015-11-25, Info, Major
Scholarship1133,2401,2016-03-06,2015-02-25, Info, Major
Scholarship1150,2308,2020-06-25,2015-04-13, Info, Major
Scholarship1153,1039,2016-12-12,2015-12-15, Info, Major
Scholarship1170,683,2021-12-05,2015-08-17, Info, Major
Scholarship1196,726,2023-05-21,2015-05-09, Info, Major
Scholarship1201,1987,2024-02-01,2015-05-26, Info, Major
Scholarship1209,2030,2017-10-15,2015-05-23, Info, Major
Scholarship1233,671,2020-01-09,2015-02-25, Info, Major
Scholarship1240,2357,2017-04-25,2015-05-02, Info, Major
Scholarship1248,2005,2019-09-19,2015-08-15, Info, Major
Scholarship1280,661,2024-05-07,2015-03-01, Info, Major
Scholarship1316,1374,2019-05-04,2015-07-23, Info, Major
Scholarship1324,797,2024-01-07,2015-11-10, Info, Major
Scholarship1327,900,2015-11-20,2015-08-17, Info, Major
Scholarship1340,1738,2024-03-25,2015-02-06, Info, Major
Scholarship1361,1670,2019-02-17,2015-01-23, Info, Major
Scholarship1371,854,2017-02-08,2015-06-26, Info, Major
Scholarship1392,1891,2016-10-09,2015-12-01, Info, Major
Scholarship1397,2234,2023-02-14,2015-06-07, Info, Major
Scholarship1399,1558,2022-01-09,2015-11-16, Info, Major
Scholarship1414,2077,2014-03-22,2015-07-28, Info, Major
Scholarship1420,557,2023-12-15,2015-02-23, Info, Major
Scholarship1422,2496,2016-01-17,2015-02-14, Info, Major
Scholarship1429,1010,2018-02-12,2015-11-06, Info, Major
Scholarship1436,923,2022-04-11,2015-02-23, Info, Major
Scholarship1451,621,2020-07-10,2015-02-19, Info, Major
Scholarship1457,519,2023-06-25,2015-12-18, Info, Major
Scholarship1466,2157,2016-03-20,2015-02-07, Info, Major
Scholarship1472,1774,2021-12-15,2015-07-20, Info, Major
Scholarship1473,1324,2014-01-06,2015-06-06, Info, Major
Scholarship1498,2139,2015-09-06,2015-11-09, Info, Major
Scholarship1516,1005,2024-12-10,2015-08-11, Info, Major
Scholarship1523,1576,2018-12-09,2015-08-01, Info, Major
Scholarship1536,765,2021-04-03,2015-11-07, Info, Major
Scholarship1539,2242,2016-02-04,2015-07-26, Info, Major
Scholarship1541,1852,2019-07-02,2015-01-03, Info, Major
Scholarship1549,774,2021-06-26,2015-09-17, Info, Major
Scholarship1559,795,2024-07-01,2015-07-13, Info, Major
Scholarship1572,1541,2017-02-02,2015-04-26, Info, Major
Scholarship1574,2350,2018-12-11,2015-10-19, Info, Major
Scholarship1576,2143,2016-01-01,2015-07-05, Info, Major
Scholarship1589,715,2015-02-21,2015-03-13, Info, Major
Scholarship1597,2389,2014-07-19,2015-11-05, Info, Major
Scholarship1618,817,2023-11-01,2015-07-02, Info, Major
Scholarship1630,1487,2014-01-19,2015-06-28, Info, Major
Scholarship1634,1546,2014-10-12,2015-09-04, Info, Major
Scholarship1638,909,2022-08-26,2015-02-23, Info, Major
Scholarship1645,1301,2020-08-01,2015-07-07, Info, Major
Scholarship1654,1782,2014-01-28,2015-03-04, Info, Major
Scholarship1656,1349,2016-04-06,2015-12-22, Info, Major
Scholarship1662,1877,2019-04-11,2015-03-03, Info, Major
Scholarship1672,1889,2016-07-02,2015-11-09, Info, Major
Scholarship1698,1638,2018-11-28,2015-06-25, Info, Major
Scholarship1711,2292,2017-07-06,2015-04-06, Info, Major
Scholarship1722,1311,2016-09-03,2015-10-01, Info, Major
Scholarship1734,1299,2023-03-06,2015-09-22, Info, Major
Scholarship1740,1496,2014-11-04,2015-03-28, Info, Major
Scholarship1746,1327,2024-11-07,2015-02-03, Info, Major
Scholarship1758,2351,2024-10-11,2015-02-03, Info, Major
Scholarship1766,560,2024-04-21,2015-10-26, Info, Major
Scholarship1767,1489,2019-03-07,2015-02-26, Info, Major
Scholarship1771,1417,2024-10-04,2015-04-13, Info, Major
Scholarship1774,1071,2021-10-22,2015-07-10, Info, Major
Scholarship1782,1880,2020-06-27,2015-07-08, Info, Major
Scholarship1783,1649,2020-06-04,2015-09-03, Info, Major
Scholarship1801,936,2019-09-03,2015-04-02, Info, Major
Scholarship1802,2337,2016-04-22,2015-10-21, Info, Major
Scholarship1814,1577,2023-06-02,2015-11-28, Info, Major
Scholarship1819,2229,2024-04-26,2015-11-16, Info, Major
Scholarship1825,2134,2022-01-05,2015-04-12, Info, Major
Scholarship1830,1639,2022-05-22,2015-02-02, Info, Major
Scholarship1845,2365,2021-04-28,2015-11-02, Info, Major
Scholarship1849,872,2018-04-19,2015-01-18, Info, Major
Scholarship1853,1078,2021-09-01,2015-04-21, Info, Major
Scholarship1863,1048,2014-12-23,2015-07-09, Info, Major
Scholarship1865,2013,2017-01-10,2015-11-04, Info, Major
Scholarship1866,1376,2020-08-11,2015-07-17, Info, Major
Scholarship1872,575,2024-06-01,2015-01-02, Info, Major
Scholarship1883,554,2020-05-02,2015-10-25, Info, Major
Scholarship1884,1616,2020-07-25,2015-07-12, Info, Major
Scholarship1903,670,2024-02-19,2015-04-21, Info, Major
Scholarship1907,2109,2016-04-28,2015-08-26, Info, Major
Scholarship1916,1503,2022-04-12,2015-12-20, Info, Major
Scholarship1942,1457,2015-06-09,2015-10-16, Info, Major
Scholarship1943,994,2017-08-25,2015-11-24, Info, Major
Scholarship1944,2125,2016-06-25,2015-09-16, Info, Major
Scholarship1946,1348,2017-03-18,2015-01-06, Info, Major
Scholarship1948,1789,2023-04-03,2015-05-09, Info, Major
Scholarship1956,2101,2020-09-23,2015-07-01, Info, Major
Scholarship1963,1516,2016-07-19,2015-10-05, Info, Major
Scholarship1964,2437,2015-02-21,2015-06-05, Info, Major
Scholarship1994,1027,2024-12-13,2015-09-17, Info, Major
Scholarship1997,2085,2023-10-20,2015-10-15, Info, Major
Scholarship2014,2463,2018-09-13,2015-09-08, Info, Major
Scholarship2047,563,2021-10-05,2015-04-08, Info, Major
Scholarship2057,1767,2022-05-04,2015-06-09, Info, Major
Scholarship2077,561,2021-03-22,2015-06-28, Info, Major
Scholarship2078,937,2015-05-11,2015-02-20, Info, Major
Scholarship2097,893,2022-02-21,2015-10-02, Info, Major
Scholarship2106,1800,2020-09-21,2015-07-11, Info, Major
Scholarship2107,1429,2016-09-05,2015-06-07, Info, Major
Scholarship2115,750,2024-06-04,2015-02-28, Info, Major
Scholarship2127,1737,2016-01-03,2015-05-03, Info, Major
Scholarship2150,2162,2015-02-13,2015-05-19, Info, Major
Scholarship2158,2268,2017-04-07,2015-09-03, Info, Major
Scholarship2188,2096,2023-03-03,2015-10-02, Info, Major
Scholarship2190,1917,2015-06-05,2015-09-11, Info, Major
Scholarship2200,851,2023-08-01,2015-11-27, Info, Major
Scholarship2210,1070,2024-02-27,2015-06-08, Info, Major
Scholarship2213,2085,2022-04-04,2015-04-18, Info, Major
Scholarship2216,1949,2024-04-17,2015-07-10, Info, Major
Scholarship2223,1938,2020-02-18,2015-06-15, Info, Major
Scholarship2224,2414,2023-08-22,2015-09-04, Info, Major
Scholarship2231,1264,2021-04-26,2015-11-23, Info, Major
Scholarship2252,1832,2017-08-21,2015-08-07, Info, Major
Scholarship2272,2471,2022-05-15,2015-01-17, Info, Major
Scholarship2275,1213,2020-05-24,2015-05-02, Info, Major
Scholarship2277,746,2023-12-17,2015-11-19, Info, Major
Scholarship2282,1675,2021-10-27,2015-03-25, Info, Major
Scholarship2288,1450,2024-05-28,2015-10-01, Info, Major
Scholarship2293,982,2024-11-17,2015-08-18, Info, Major
Scholarship2295,1005,2018-08-06,2015-08-28, Info, Major
Scholarship2296,1324,2014-02-09,2015-10-16, Info, Major
Scholarship2303,2293,2020-08-06,2015-11-04, Info, Major
Scholarship2309,541,2016-02-15,2015-12-08, Info, Major
Scholarship2310,1410,2019-12-08,2015-03-02, Info, Major
Scholarship2318,1224,2020-04-28,2015-11-03, Info, Major
Scholarship2322,2389,2024-04-22,2015-05-18, Info, Major
Scholarship2323,513,2020-11-18,2015-09-18, Info, Major
Scholarship2324,2247,2022-09-08,2015-02-08, Info, Major
Scholarship2352,1135,2022-06-27,2015-08-25, Info, Major
Scholarship2375,1147,2023-09-21,2015-03-19, Info, Major
Scholarship2383,1994,2019-04-13,2015-03-16, Info, Major
Scholarship2391,2124,2016-05-18,2015-07-13, Info, Major
Scholarship2402,1047,2017-02-07,2015-02-05, Info, Major
Scholarship2420,1589,2014-03-19,2015-12-27, Info, Major
Scholarship2428,512,2018-09-13,2015-10-26, Info, Major
Scholarship2429,1522,2018-04-19,2015-04-16, Info, Major
Scholarship2434,2152,2014-04-06,2015-08-04, Info, Major
Scholarship2442,535,2018-05-01,2015-11-14, Info, Major
Scholarship2459,2271,2018-05-25,2015-11-25, Info, Major
Scholarship2460,737,2024-07-27,2015-04-05, Info, Major
Scholarship2467,1844,2021-12-28,2015-10-11, Info, Major
Scholarship2469,979,2017-12-18,2015-08-11, Info, Major
Scholarship2477,2416,2014-02-24,2015-03-22, Info, Major
Scholarship2489,1296,2015-08-25,2015-05-12, Info, Major
Scholarship2492,1365,2017-09-22,2015-11-02, Info, Major
Scholarship2501,1377,2020-11-23,2015-01-18, Info, Major
Scholarship2562,1237,2024-04-22,2015-01-17, Info, Major
Scholarship2564,1362,2023-03-04,2015-07-11, Info, Major
Scholarship2570,669,2015-07-23,2015-02-20, Info, Major
Scholarship2578,2190,2018-01-13,2015-11-20, Info, Major
Scholarship2592,2258,2020-01-05,2015-08-25, Info, Major
Scholarship2594,585,2015-10-24,2015-10-12, Info, Major
Scholarship2597,754,2023-03-05,2015-11-28, Info, Major
Scholarship2603,1864,2022-01-18,2015-08-06, Info, Major
Scholarship2613,1247,2020-03-08,2015-03-13, Info, Major
Scholarship2641,915,2019-12-18,2015-07-04, Info, Major
Scholarship2645,699,2023-01-20,2015-12-16, Info, Major
Scholarship2657,618,2021-04-06,2015-08-16, Info, Major
Scholarship2658,1576,2023-10-03,2015-04-11, Info, Major
Scholarship2659,1588,2020-03-09,2015-10-04, Info, Major
Scholarship2666,734,2014-11-09,2015-04-20, Info, Major
Scholarship2679,2339,2014-10-17,2015-06-14, Info, Major
Scholarship2699,791,2016-05-01,2015-01-06, Info, Major
Scholarship2701,2362,2024-12-27,2015-05-18, Info, Major
Scholarship2703,559,2023-01-24,2015-02-17, Info, Major
Scholarship2709,1960,2019-12-26,2015-06-21, Info, Major
Scholarship2716,754,2015-04-27,2015-02-18, Info, Major
Scholarship2720,1235,2017-01-26,2015-05-19, Info, Major
Scholarship2724,1607,2016-02-20,2015-08-07, Info, Major
Scholarship2727,2165,2015-11-26,2015-01-16, Info, Major
Scholarship2744,1160,2018-03-22,2015-03-27, Info, Major
Scholarship2760,986,2016-08-24,2015-10-11, Info, Major
Scholarship2780,1294,2019-11-22,2015-05-25, Info, Major
Scholarship2792,1346,2018-09-27,2015-02-20, Info, Major
Scholarship2804,1132,2019-04-13,2015-04-15, Info, Major
Scholarship2817,1638,2022-06-14,2015-05-28, Info, Major
Scholarship2824,1116,2019-08-10,2015-02-16, Info, Major
Scholarship2834,1387,2015-02-06,2015-12-20, Info, Major
Scholarship2837,1717,2024-05-27,2015-09-28, Info, Major
Scholarship2843,2308,2021-10-17,2015-07-08, Info, Major
Scholarship2850,1280,2015-07-20,2015-04-18, Info, Major
Scholarship2875,2224,2020-07-04,2015-05-02, Info, Major
Scholarship2879,2006,2024-05-18,2015-06-13, Info, Major
Scholarship2903,2273,2018-10-07,2015-01-13, Info, Major
Scholarship2924,2200,2023-08-17,2015-06-17, Info, Major
Scholarship2933,2486,2014-11-02,2015-03-03, Info, Major
Scholarship2936,2261,2016-01-22,2015-09-19, Info, Major
Scholarship2948,1529,2022-06-12,2015-03-10, Info, Major
Scholarship2964,2324,2017-08-14,2015-12-14, Info, Major
Scholarship2971,1521,2017-04-01,2015-01-25, Info, Major
Scholarship3006,751,2022-04-21,2015-06-22, Info, Major
Scholarship3014,966,2020-11-25,2015-01-22, Info, Major
Scholarship3044,1151,2022-06-24,2015-04-21, Info, Major
Scholarship3046,2458,2018-04-02,2015-03-19, Info, Major
Scholarship3070,2321,2022-12-03,2015-04-20, Info, Major
Scholarship3080,2457,2014-05-14,2015-09-23, Info, Major
Scholarship3088,1717,2024-11-25,2015-08-15, Info, Major
Scholarship3094,2138,2021-03-24,2015-07-23, Info, Major
Scholarship3105,1476,2016-03-04,2015-03-18, Info, Major
Scholarship3122,1557,2023-06-15,2015-08-01, Info, Major
