Scholarship name, Amount Rewarded, Deadline, Disbursment Date, Required Info, Preferred Majors
Scholarship1,2026,2018-08-07,2024-02-21, Info, Major
Scholarship4,777,2021-12-04,2024-07-16, Info, Major
Scholarship22,2375,2019-02-28,2024-01-05, Info, Major
Scholarship41,1529,2020-09-14,2024-11-03, Info, Major
Scholarship49,2405,2023-02-25,2024-10-07, Info, Major
Scholarship64,2227,2019-03-03,2024-12-02, Info, Major
Scholarship66,2371,2015-03-13,2024-03-20, Info, Major
Scholarship97,633,2020-11-21,2023-12-14, Info, Major
Scholarship99,1684,2017-12-05,2024-06-17, Info, Major
Scholarship104,2129,2020-10-05,2024-02-24, Info, Major
Scholarship107,1644,2016-10-19,2024-09-07, Info, Major
Scholarship120,1706,2021-12-25,2024-08-10, Info, Major
Scholarship131,1336,2016-07-27,2024-05-14, Info, Major
Scholarship132,2409,2020-10-07,2024-03-08, Info, Major
Scholarship141,1170,2018-12-23,2024-07-07, Info, Major
Scholarship172,1877,2021-02-20,2024-04-22, Info, Major
Scholarship177,1453,2018-01-13,2024-09-12, Info, Major
Scholarship189,1876,2018-04-03,2024-10-21, Info, Major
Scholarship202,1237,2016-01-23,2024-08-09, Info, Major
Scholarship210,815,2014-07-14,2024-06-03, Info, Major
Scholarship230,2334,2019-09-21,2024-09-28, Info, Major
Scholarship237,1171,2024-12-25,2024-09-19, Info, Major
Scholarship239,1514,2019-09-03,2024-11-10, Info, Major
Scholarship264,2296,2014-10-13,2024-07-28, Info, Major
Scholarship269,1603,2024-11-18,2024-02-27, Info, Major
Scholarship270,1117,2018-08-03,2024-08-09, Info, Major
Scholarship273,2176,2018-09-21,2024-12-26, Info, Major
Scholarship282,1619,2018-05-09,2024-05-24, Info, Major
Scholarship283,1560,2020-09-20,2024-02-28, Info, Major
Scholarship292,1508,2015-11-02,2023-12-06, Info, Major
Scholarship296,1240,2015-07-16,2024-04-10, Info, Major
